company_id,company_slug,company_name,website,yc_is_hiring,yc_job_count,url,normalized_url,page_type,discovery_source,confidence,http_status,evidence,checked_at
26861,100x,100x,https://100x.bot?utm_source=inbound&utm_medium=bookface&utm_campaign=yc&utm_id=122,True,0,https://www.ycombinator.com/companies/100x/jobs/QZCBBzZ-looking-for-a-front-end-engineer-to-join-our-bangalore-team,https://www.ycombinator.com/companies/100x/jobs/QZCBBzZ-looking-for-a-front-end-engineer-to-join-our-bangalore-team,yc_job,yc_job_posting,1.0,,"Looking for a front end engineer to join our Bangalore team | Bengaluru, KA, IN / Bengaluru, Karnataka, IN | US citizenship/visa not required",2026-05-06 19:56:30.584263+00:00
31098,10x-science,10x Science,https://10xscience.com,True,0,https://www.ycombinator.com/companies/10x-science/jobs/FK8wuOk-founding-engineer,https://www.ycombinator.com/companies/10x-science/jobs/FK8wuOk-founding-engineer,yc_job,yc_job_posting,1.0,,"Founding Engineer | San Francisco, CA, US / Menlo Park, CA, US | US citizen/visa only",2026-05-06 19:56:30.594029+00:00
29341,14-ai,14.ai,https://14.ai,True,0,https://www.ycombinator.com/companies/14-ai/jobs/Fb5zL8d-ai-internship-now-full-time-in-san-francisco,https://www.ycombinator.com/companies/14-ai/jobs/Fb5zL8d-ai-internship-now-full-time-in-san-francisco,yc_job,yc_job_posting,1.0,,"AI Internship (now, full time in San Francisco) | San Francisco, CA, US | US citizen/visa only",2026-05-06 19:56:30.594709+00:00
29341,14-ai,14.ai,https://14.ai,True,0,https://www.ycombinator.com/companies/14-ai/jobs/KoEfdhc-full-stack-engineering-internship-now-and-summer-2026,https://www.ycombinator.com/companies/14-ai/jobs/KoEfdhc-full-stack-engineering-internship-now-and-summer-2026,yc_job,yc_job_posting,1.0,,"Full Stack Engineering Internship (now and Summer 2026) | San Francisco, CA, US | US citizen/visa only",2026-05-06 19:56:30.594709+00:00
29341,14-ai,14.ai,https://14.ai,True,0,https://www.ycombinator.com/companies/14-ai/jobs/LADAAjI-tiktok-live-host-paid-hourly-remote,https://www.ycombinator.com/companies/14-ai/jobs/LADAAjI-tiktok-live-host-paid-hourly-remote,yc_job,yc_job_posting,1.0,,"TikTok Live Host (Paid Hourly, Remote) | Remote | US citizenship/visa not required",2026-05-06 19:56:30.594709+00:00
29341,14-ai,14.ai,https://14.ai,True,0,https://www.ycombinator.com/companies/14-ai/jobs/LMRasQY-founding-gtm,https://www.ycombinator.com/companies/14-ai/jobs/LMRasQY-founding-gtm,yc_job,yc_job_posting,1.0,,"Founding GTM | San Francisco, CA, US / Remote (US) | Will sponsor",2026-05-06 19:56:30.594709+00:00
29341,14-ai,14.ai,https://14.ai,True,0,https://www.ycombinator.com/companies/14-ai/jobs/nyx4rnH-ai-internship-now-and-summer-2026,https://www.ycombinator.com/companies/14-ai/jobs/nyx4rnH-ai-internship-now-and-summer-2026,yc_job,yc_job_posting,1.0,,"AI Internship (now and Summer 2026) | San Francisco, CA, US | Will sponsor",2026-05-06 19:56:30.594709+00:00
29341,14-ai,14.ai,https://14.ai,True,0,https://www.ycombinator.com/companies/14-ai/jobs/trxAQhG-ai-ops-internship-now-full-time-in-san-francisco,https://www.ycombinator.com/companies/14-ai/jobs/trxAQhG-ai-ops-internship-now-full-time-in-san-francisco,yc_job,yc_job_posting,1.0,,"AI Ops Internship (now, full time in San Francisco) | San Francisco, CA, US | Will sponsor",2026-05-06 19:56:30.594709+00:00
29341,14-ai,14.ai,https://14.ai,True,0,https://www.ycombinator.com/companies/14-ai/jobs/UCtO0nF-chef-intern-gummies-production-now-and-summer-2026-housing-provided,https://www.ycombinator.com/companies/14-ai/jobs/UCtO0nF-chef-intern-gummies-production-now-and-summer-2026-housing-provided,yc_job,yc_job_posting,1.0,,"Chef Intern (Gummies Production) (now and Summer 2026, housing provided) | San Francisco, CA, US | Will sponsor",2026-05-06 19:56:30.594709+00:00
29341,14-ai,14.ai,https://14.ai,True,0,https://www.ycombinator.com/companies/14-ai/jobs/VENFEkn-founding-engineer,https://www.ycombinator.com/companies/14-ai/jobs/VENFEkn-founding-engineer,yc_job,yc_job_posting,1.0,,"Founding engineer | San Francisco, CA, US | Will sponsor",2026-05-06 19:56:30.594709+00:00
29341,14-ai,14.ai,https://14.ai,True,0,https://www.ycombinator.com/companies/14-ai/jobs/Wk1XnDj-videographer-intern-at-14-ai-on-site-san-francisco-asap-start,https://www.ycombinator.com/companies/14-ai/jobs/Wk1XnDj-videographer-intern-at-14-ai-on-site-san-francisco-asap-start,yc_job,yc_job_posting,1.0,,"Videographer Intern at 14.ai (On-Site – San Francisco, ASAP Start)  | San Francisco, CA, US | US citizen/visa only",2026-05-06 19:56:30.594709+00:00
12286,1910,1910,http://1910.ai,False,0,http://1910.ai/careers,http://1910.ai/careers,careers_page,homepage_link,0.84,200,Careers,2026-05-06 19:56:30.601744+00:00
27906,1stcollab,1stCollab,https://1stcollab.com/,True,0,https://www.ycombinator.com/companies/1stcollab/jobs/atezDBY-customer-success-manager-csm,https://www.ycombinator.com/companies/1stcollab/jobs/atezDBY-customer-success-manager-csm,yc_job,yc_job_posting,1.0,,"Customer Success Manager (CSM) | San Francisco, CA, US | US citizen/visa only",2026-05-06 19:56:30.604242+00:00
27925,222,222,https://222.place,True,0,https://www.ycombinator.com/companies/222/jobs/afxyfO8-ios-engineer-design-engineer,https://www.ycombinator.com/companies/222/jobs/afxyfO8-ios-engineer-design-engineer,yc_job,yc_job_posting,1.0,,"iOS Engineer / Design Engineer | New York, NY, US | Will sponsor",2026-05-06 19:56:30.854075+00:00
27925,222,222,https://222.place,True,0,https://www.ycombinator.com/companies/222/jobs/FHb0B4g-technical-support-lead,https://www.ycombinator.com/companies/222/jobs/FHb0B4g-technical-support-lead,yc_job,yc_job_posting,1.0,,"Technical Support Lead | New York, NY, US | US citizen/visa only",2026-05-06 19:56:30.854075+00:00
941,80-000-hours,"80,000 Hours",http://80000hours.org,False,0,https://80000hours.org/about/work-with-us,https://80000hours.org/about/work-with-us,careers_page,homepage_link,0.84,200,Work with us,2026-05-06 19:56:31.081933+00:00
941,80-000-hours,"80,000 Hours",http://80000hours.org,False,0,https://80000hours.org/about/work-with-us,https://80000hours.org/about/work-with-us,careers_page,sitemap,0.78,200,career-like URL in sitemap,2026-05-06 19:56:31.081933+00:00
13523,99minutos,99minutos,https://99minutos.com,True,0,https://www.ycombinator.com/companies/99minutos/jobs/jhG9Z0c-strategic-finance-lead,https://www.ycombinator.com/companies/99minutos/jobs/jhG9Z0c-strategic-finance-lead,yc_job,yc_job_posting,1.0,,"Strategic Finance Lead | Mexico City, CDMX, MX | US citizenship/visa not required",2026-05-06 19:56:31.100031+00:00
31193,9-mothers-corporation,9 Mothers,https://9mothers.com,True,0,https://www.ycombinator.com/companies/9-mothers-corporation/jobs/A7Aipj5-lead-electrical-engineer,https://www.ycombinator.com/companies/9-mothers-corporation/jobs/A7Aipj5-lead-electrical-engineer,yc_job,yc_job_posting,1.0,,Lead Electrical Engineer | Austin | US citizen/visa only,2026-05-06 19:56:31.105220+00:00
31193,9-mothers-corporation,9 Mothers,https://9mothers.com,True,0,https://www.ycombinator.com/companies/9-mothers-corporation/jobs/BQMcLKU-lead-mechatronics-engineer,https://www.ycombinator.com/companies/9-mothers-corporation/jobs/BQMcLKU-lead-mechatronics-engineer,yc_job,yc_job_posting,1.0,,Lead Mechatronics Engineer | Austin | US citizen/visa only,2026-05-06 19:56:31.105220+00:00
31193,9-mothers-corporation,9 Mothers,https://9mothers.com,True,0,https://www.ycombinator.com/companies/9-mothers-corporation/jobs/DC0ey8g-lead-ai-engineer,https://www.ycombinator.com/companies/9-mothers-corporation/jobs/DC0ey8g-lead-ai-engineer,yc_job,yc_job_posting,1.0,,Lead AI Engineer | Austin | US citizen/visa only,2026-05-06 19:56:31.105220+00:00
31193,9-mothers-corporation,9 Mothers,https://9mothers.com,True,0,https://www.ycombinator.com/companies/9-mothers-corporation/jobs/dP71lRK-senior-ai-engineer,https://www.ycombinator.com/companies/9-mothers-corporation/jobs/dP71lRK-senior-ai-engineer,yc_job,yc_job_posting,1.0,,Senior AI Engineer | Austin | US citizen/visa only,2026-05-06 19:56:31.105220+00:00
31193,9-mothers-corporation,9 Mothers,https://9mothers.com,True,0,https://www.ycombinator.com/companies/9-mothers-corporation/jobs/FjKXau1-senior-applied-audio-ml-engineer,https://www.ycombinator.com/companies/9-mothers-corporation/jobs/FjKXau1-senior-applied-audio-ml-engineer,yc_job,yc_job_posting,1.0,,Senior Applied Audio ML Engineer | Austin | US citizen/visa only,2026-05-06 19:56:31.105220+00:00
31193,9-mothers-corporation,9 Mothers,https://9mothers.com,True,0,https://www.ycombinator.com/companies/9-mothers-corporation/jobs/GJp9sWV-lead-digital-signal-processing-engineer-audio,https://www.ycombinator.com/companies/9-mothers-corporation/jobs/GJp9sWV-lead-digital-signal-processing-engineer-audio,yc_job,yc_job_posting,1.0,,Lead Digital Signal Processing Engineer (Audio) | Austin | US citizen/visa only,2026-05-06 19:56:31.105220+00:00
31193,9-mothers-corporation,9 Mothers,https://9mothers.com,True,0,https://www.ycombinator.com/companies/9-mothers-corporation/jobs/H8698y1-senior-robotics-engineer,https://www.ycombinator.com/companies/9-mothers-corporation/jobs/H8698y1-senior-robotics-engineer,yc_job,yc_job_posting,1.0,,Senior Robotics Engineer | Austin | US citizen/visa only,2026-05-06 19:56:31.105220+00:00
31193,9-mothers-corporation,9 Mothers,https://9mothers.com,True,0,https://www.ycombinator.com/companies/9-mothers-corporation/jobs/IbKw8oR-senior-mechatronics-engineer,https://www.ycombinator.com/companies/9-mothers-corporation/jobs/IbKw8oR-senior-mechatronics-engineer,yc_job,yc_job_posting,1.0,,Senior Mechatronics Engineer | Austin | US citizen/visa only,2026-05-06 19:56:31.105220+00:00
31193,9-mothers-corporation,9 Mothers,https://9mothers.com,True,0,https://www.ycombinator.com/companies/9-mothers-corporation/jobs/M4zA5vs-senior-electrical-engineer,https://www.ycombinator.com/companies/9-mothers-corporation/jobs/M4zA5vs-senior-electrical-engineer,yc_job,yc_job_posting,1.0,,Senior Electrical Engineer | Austin | US citizen/visa only,2026-05-06 19:56:31.105220+00:00
31193,9-mothers-corporation,9 Mothers,https://9mothers.com,True,0,https://www.ycombinator.com/companies/9-mothers-corporation/jobs/QRKTlFi-senior-digital-signal-processing-engineer-audio,https://www.ycombinator.com/companies/9-mothers-corporation/jobs/QRKTlFi-senior-digital-signal-processing-engineer-audio,yc_job,yc_job_posting,1.0,,Senior Digital Signal Processing Engineer (Audio) | Austin | US citizen/visa only,2026-05-06 19:56:31.105220+00:00
31193,9-mothers-corporation,9 Mothers,https://9mothers.com,True,0,https://www.ycombinator.com/companies/9-mothers-corporation/jobs/RV7DqvO-lead-robotics-engineer,https://www.ycombinator.com/companies/9-mothers-corporation/jobs/RV7DqvO-lead-robotics-engineer,yc_job,yc_job_posting,1.0,,Lead Robotics Engineer | Austin | US citizen/visa only,2026-05-06 19:56:31.105220+00:00
31193,9-mothers-corporation,9 Mothers,https://9mothers.com,True,0,https://www.ycombinator.com/companies/9-mothers-corporation/jobs/rvwYJka-senior-systems-engineer-audio,https://www.ycombinator.com/companies/9-mothers-corporation/jobs/rvwYJka-senior-systems-engineer-audio,yc_job,yc_job_posting,1.0,,Senior Systems Engineer (Audio) | Austin | US citizen/visa only,2026-05-06 19:56:31.105220+00:00
31193,9-mothers-corporation,9 Mothers,https://9mothers.com,True,0,https://www.ycombinator.com/companies/9-mothers-corporation/jobs/ujxl7F6-lead-applied-acoustic-ml-engineer,https://www.ycombinator.com/companies/9-mothers-corporation/jobs/ujxl7F6-lead-applied-acoustic-ml-engineer,yc_job,yc_job_posting,1.0,,Lead Applied Acoustic ML Engineer | Austin | US citizen/visa only,2026-05-06 19:56:31.105220+00:00
31193,9-mothers-corporation,9 Mothers,https://9mothers.com,True,0,https://www.ycombinator.com/companies/9-mothers-corporation/jobs/w1b83yC-lead-systems-engineer-audio,https://www.ycombinator.com/companies/9-mothers-corporation/jobs/w1b83yC-lead-systems-engineer-audio,yc_job,yc_job_posting,1.0,,Lead Systems Engineer (Audio) | Austin | US citizen/visa only,2026-05-06 19:56:31.105220+00:00
31193,9-mothers-corporation,9 Mothers,https://9mothers.com,True,0,https://jobs.ashbyhq.com/9-mothers,https://jobs.ashbyhq.com/9-mothers,ats,homepage_link,0.92,200,view job openings,2026-05-06 19:56:31.105220+00:00
30223,a0-dev,a0.dev,https://a0.dev,True,0,https://www.ycombinator.com/companies/a0-dev/jobs/SbEHSvR-founding-brand-and-content-lead-contract-to-hire,https://www.ycombinator.com/companies/a0-dev/jobs/SbEHSvR-founding-brand-and-content-lead-contract-to-hire,yc_job,yc_job_posting,1.0,,"Founding Brand and Content Lead (Contract-to-Hire) | San Francisco, CA, US | US citizen/visa only",2026-05-06 19:56:31.109411+00:00
30223,a0-dev,a0.dev,https://a0.dev,True,0,https://www.ycombinator.com/companies/a0-dev/jobs/V7cGC6Z-founding-growth-lead-contract-to-hire,https://www.ycombinator.com/companies/a0-dev/jobs/V7cGC6Z-founding-growth-lead-contract-to-hire,yc_job,yc_job_posting,1.0,,"Founding Growth Lead (Contract-to-Hire) | San Francisco, CA, US | US citizen/visa only",2026-05-06 19:56:31.109411+00:00
30223,a0-dev,a0.dev,https://a0.dev,True,0,https://a0.dev/careers,https://a0.dev/careers,careers_page,homepage_link,0.84,200,Careers,2026-05-06 19:56:31.109411+00:00
30221,a1zap-by-a1base,A1Zap by A1Base,https://www.a1zap.com/,True,0,https://www.ycombinator.com/companies/a1zap-by-a1base/jobs/gfSmXUq-growth-design-intern,https://www.ycombinator.com/companies/a1zap-by-a1base/jobs/gfSmXUq-growth-design-intern,yc_job,yc_job_posting,1.0,,"Growth & Design Intern | San Francisco, CA, US / Remote (US) | US citizen/visa only",2026-05-06 19:56:31.114338+00:00
30221,a1zap-by-a1base,A1Zap by A1Base,https://www.a1zap.com/,True,0,https://www.ycombinator.com/companies/a1zap-by-a1base/jobs/PgULyR6-growth-implementation-lead-campus-programs,https://www.ycombinator.com/companies/a1zap-by-a1base/jobs/PgULyR6-growth-implementation-lead-campus-programs,yc_job,yc_job_posting,1.0,,"Growth Implementation Lead, Campus Programs | US / Remote (US) | US citizen/visa only",2026-05-06 19:56:31.114338+00:00
22579,abacum,Abacum,https://www.abacum.ai/,True,0,https://www.ycombinator.com/companies/abacum/jobs/cuPdWag-senior-account-executive,https://www.ycombinator.com/companies/abacum/jobs/cuPdWag-senior-account-executive,yc_job,yc_job_posting,1.0,,Senior Account Executive | New York City | US citizen/visa only,2026-05-06 19:56:31.119319+00:00
22579,abacum,Abacum,https://www.abacum.ai/,True,0,https://www.ycombinator.com/companies/abacum/jobs/UU16prf-product-marketing-manager-finance-products,https://www.ycombinator.com/companies/abacum/jobs/UU16prf-product-marketing-manager-finance-products,yc_job,yc_job_posting,1.0,,Product Marketing Manager - Finance Products | New York City | US citizen/visa only,2026-05-06 19:56:31.119319+00:00
22579,abacum,Abacum,https://www.abacum.ai/,True,0,https://www.abacum.ai/company/careers,https://www.abacum.ai/company/careers,careers_page,sitemap,0.78,200,career-like URL in sitemap,2026-05-06 19:56:31.119319+00:00
13081,abalone-bio,Abalone Bio,https://www.abalonebio.com,False,0,https://www.abalonebio.com/careers,https://www.abalonebio.com/careers,careers_page,homepage_link,0.84,200,Careers,2026-05-06 19:56:31.346512+00:00
13081,abalone-bio,Abalone Bio,https://www.abalonebio.com,False,0,https://www.abalonebio.com/careers,https://www.abalonebio.com/careers,careers_page,homepage_link,0.84,200,"Careers We believe if you have the right people, then with a meaningful goal, hard work, and a bit of luck, good things will inevitably emerge. We are hiring!",2026-05-06 19:56:31.346512+00:00
13081,abalone-bio,Abalone Bio,https://www.abalonebio.com,False,0,https://www.abalonebio.com/careers,https://www.abalonebio.com/careers,careers_page,sitemap,0.78,200,career-like URL in sitemap,2026-05-06 19:56:31.346512+00:00
13081,abalone-bio,Abalone Bio,https://www.abalonebio.com,False,0,https://www.abalonebio.com/careers/ab2025-101,https://www.abalonebio.com/careers/ab2025-101,careers_page,sitemap,0.78,200,career-like URL in sitemap,2026-05-06 19:56:31.346512+00:00
24726,abatable,Abatable,https://www.abatable.com,False,0,https://abatable.com/careers,https://abatable.com/careers,careers_page,homepage_link,0.84,200,We’re always keen to hear from candidates who are passionate about solving climate change.,2026-05-06 19:56:31.350621+00:00
24726,abatable,Abatable,https://www.abatable.com,False,0,https://abatable.com/careers,https://abatable.com/careers,careers_page,homepage_link,0.84,200,Careers,2026-05-06 19:56:31.350621+00:00
24726,abatable,Abatable,https://www.abatable.com,False,0,https://abatable.com/careers,https://abatable.com/careers,careers_page,sitemap,0.78,200,career-like URL in sitemap,2026-05-06 19:56:31.350621+00:00
29558,abel-police,Abel Police,http://abelpolice.com,False,0,https://abelpolice.com/careers,https://abelpolice.com/careers,careers_page,sitemap,0.78,200,career-like URL in sitemap,2026-05-06 19:56:31.361707+00:00
29558,abel-police,Abel Police,http://abelpolice.com,False,0,https://abelpolice.com/careers/senior-engineer,https://abelpolice.com/careers/senior-engineer,careers_page,sitemap,0.78,200,career-like URL in sitemap,2026-05-06 19:56:31.361707+00:00
24685,abhi,Abhi,https://abhi.com.pk/,False,0,https://abhi.com.pk/job-openings,https://abhi.com.pk/job-openings,careers_page,homepage_link,0.84,200,Career,2026-05-06 19:56:31.363329+00:00
30958,absurd,Absurd,https://absurd.com/,False,0,https://absurd.com/careers,https://absurd.com/careers,careers_page,sitemap,0.78,200,career-like URL in sitemap,2026-05-06 19:56:31.380684+00:00
28786,accend,Accend,https://www.withaccend.com/,True,0,https://www.ycombinator.com/companies/accend/jobs/d6ggx1f-founding-gtm-account-executive,https://www.ycombinator.com/companies/accend/jobs/d6ggx1f-founding-gtm-account-executive,yc_job,yc_job_posting,1.0,,"Founding GTM (Account Executive) | New York, NY, US | US citizen/visa only",2026-05-06 19:56:31.594623+00:00
28786,accend,Accend,https://www.withaccend.com/,True,0,https://www.ycombinator.com/companies/accend/jobs/XxGbYZN-full-stack-engineer,https://www.ycombinator.com/companies/accend/jobs/XxGbYZN-full-stack-engineer,yc_job,yc_job_posting,1.0,,"Full Stack Engineer | San Francisco, CA, US / Remote (San Francisco, CA, US) | Will sponsor",2026-05-06 19:56:31.594623+00:00
27258,accessowl,AccessOwl,https://www.accessowl.io/,True,0,https://www.ycombinator.com/companies/accessowl/jobs/1shGwy2-senior-software-engineer-elixir-focus,https://www.ycombinator.com/companies/accessowl/jobs/1shGwy2-senior-software-engineer-elixir-focus,yc_job,yc_job_posting,1.0,,"Senior Software Engineer (Elixir Focus) | Berlin, BE, DE / ES / PT / PL / AT / CZ / HU / SK / RO / SI / HR / RS / BA / IT / CH / NL / BE / FR / GB / GR / BG / UA / TR / AF / AL / DZ / AD / AO / AM / AZ / BH / BY / BJ / BW / TD / CY / DK / FI / GE / GL / IS / IL / JO / KZ / KE / LB / LY / LT / MC / NG / NO / QA / SC / SE / AE / YE / ZM / ZW / DE / PK / EG / RW / MK / EE / Remote (Berlin, BE, DE; ES; PT; PL; AT; CZ; HU; SK; RO; SI; HR; RS; BA; IT; CH; NL; BE; FR; GB; GR; BG; UA; TR; AF; AL; DZ; AD",2026-05-06 19:56:31.599651+00:00
27258,accessowl,AccessOwl,https://www.accessowl.io/,True,0,https://www.ycombinator.com/companies/accessowl/jobs/hfWAhVp-ai-enabled-senior-software-engineer-typescript-focus,https://www.ycombinator.com/companies/accessowl/jobs/hfWAhVp-ai-enabled-senior-software-engineer-typescript-focus,yc_job,yc_job_posting,1.0,,"AI-enabled Senior Software Engineer (Typescript Focus) | Berlin, BE, DE / ES / PT / PL / AT / CZ / HU / SK / RO / SI / HR / RS / BA / IT / CH / NL / BE / FR / GB / GR / BG / DE / UA / TR / AF / AL / DZ / AD / AO / AM / AZ / BH / BY / BJ / BW / TD / CY / DK / FI / GE / GL / IS / IL / JO / KZ / KE / LB / LY / LT / MC / NG / NO / QA / SC / SE / AE / YE / ZM / ZW / PK / EG / RW / MK / EE / Remote (Berlin, BE, DE; ES; PT; PL; AT; CZ; HU; SK; RO; SI; HR; RS; BA; IT; CH; NL; BE; FR; GB; GR; BG; DE; UA;",2026-05-06 19:56:31.599651+00:00
27258,accessowl,AccessOwl,https://www.accessowl.io/,True,0,https://www.ycombinator.com/companies/accessowl/jobs/HyX1RIk-founding-growth-marketer,https://www.ycombinator.com/companies/accessowl/jobs/HyX1RIk-founding-growth-marketer,yc_job,yc_job_posting,1.0,,Founding Growth Marketer | CA / US / MX / AR / BR / CL / CO / PE / EC / CR / Remote (CA; US; MX; AR; BR; CL; CO; PE; EC; CR) | US citizenship/visa not required,2026-05-06 19:56:31.599651+00:00
12242,acciojob,AccioJob,http://www.acciojob.com,False,0,https://acciojob.com/jobs,https://acciojob.com/jobs,careers_page,sitemap,0.78,200,career-like URL in sitemap,2026-05-06 19:56:31.611325+00:00
13058,accord,Accord,https://inaccord.com,True,0,https://www.ycombinator.com/companies/accord/jobs/GPWrX6I-senior-software-engineer,https://www.ycombinator.com/companies/accord/jobs/GPWrX6I-senior-software-engineer,yc_job,yc_job_posting,1.0,,"Senior Software Engineer | San Francisco, CA, US | US citizen/visa only",2026-05-06 19:56:31.618923+00:00
13058,accord,Accord,https://inaccord.com,True,0,https://www.ycombinator.com/companies/accord/jobs/h6hnpxj-senior-product-designer-sf-based-hybrid,https://www.ycombinator.com/companies/accord/jobs/h6hnpxj-senior-product-designer-sf-based-hybrid,yc_job,yc_job_posting,1.0,,"Senior Product Designer (SF based, hybrid) | San Francisco, CA, US | US citizen/visa only",2026-05-06 19:56:31.618923+00:00
1809,acely,Acely,https://acely.com,True,0,https://www.ycombinator.com/companies/acely/jobs/hymebfd-sr-data-engineer,https://www.ycombinator.com/companies/acely/jobs/hymebfd-sr-data-engineer,yc_job,yc_job_posting,1.0,,"Sr. Data Engineer | San Francisco, CA, US / Remote (US) | US citizen/visa only",2026-05-06 19:56:31.623412+00:00
1575,aclu,ACLU,https://www.aclu.org/,False,0,https://www.aclu.org/careers,https://www.aclu.org/careers,careers_page,homepage_link,0.84,200,Careers Full-time positions and internships,2026-05-06 19:56:31.632967+00:00
30606,acrely,Acrely,https://www.acrely.ai,True,0,https://www.ycombinator.com/companies/acrely/jobs/3hQTILl-forward-deployed-engineer,https://www.ycombinator.com/companies/acrely/jobs/3hQTILl-forward-deployed-engineer,yc_job,yc_job_posting,1.0,,"Forward Deployed Engineer | San Francisco, CA, US / Pittsburgh, PA, US / Remote (US) | US citizen/visa only",2026-05-06 19:56:31.673452+00:00
30606,acrely,Acrely,https://www.acrely.ai,True,0,https://www.ycombinator.com/companies/acrely/jobs/hUsc1A4-senior-web-platform-engineer,https://www.ycombinator.com/companies/acrely/jobs/hUsc1A4-senior-web-platform-engineer,yc_job,yc_job_posting,1.0,,"Senior Web Platform Engineer  | Pittsburgh, PA, US / San Francisco, CA, US / Istanbul, İstanbul, TR / London, England, GB / Remote (US) | US citizen/visa only",2026-05-06 19:56:31.673452+00:00
30606,acrely,Acrely,https://www.acrely.ai,True,0,https://www.ycombinator.com/companies/acrely/jobs/lDa6z6d-head-of-engineering,https://www.ycombinator.com/companies/acrely/jobs/lDa6z6d-head-of-engineering,yc_job,yc_job_posting,1.0,,"Head of Engineering | Pittsburgh, PA, US / San Francisco, CA, US / Istanbul, İstanbul, TR / London, England, GB / Remote (US) | US citizen/visa only",2026-05-06 19:56:31.673452+00:00
1910,activeloop,Activeloop,https://activeloop.ai/,True,0,https://www.ycombinator.com/companies/activeloop/jobs/Df9lfIh-staff-backend-engineer,https://www.ycombinator.com/companies/activeloop/jobs/Df9lfIh-staff-backend-engineer,yc_job,yc_job_posting,1.0,,"Staff Backend Engineer | Mountain View, CA | Will sponsor",2026-05-06 19:56:31.886800+00:00
1910,activeloop,Activeloop,https://activeloop.ai/,True,0,https://www.ycombinator.com/companies/activeloop/jobs/EkoSMcC-vp-of-engineering,https://www.ycombinator.com/companies/activeloop/jobs/EkoSMcC-vp-of-engineering,yc_job,yc_job_posting,1.0,,VP of Engineering | California | US citizen/visa only,2026-05-06 19:56:31.886800+00:00
26792,activepieces,Activepieces,https://www.activepieces.com,True,0,https://www.ycombinator.com/companies/activepieces/jobs/TMVg5qZ-senior-software-engineer-react-product,https://www.ycombinator.com/companies/activepieces/jobs/TMVg5qZ-senior-software-engineer-react-product,yc_job,yc_job_posting,1.0,,"Senior Software Engineer (React & Product) | PL / PT / London, England, GB / EG / JO / DZ / RO / TR / IN / PK / Dubai, Dubai, AE / PS / Remote (PL; PT; London, England, GB; EG; JO; DZ; RO; TR; IN; PK; Dubai, Dubai, AE; PS) | US citizenship/visa not required",2026-05-06 19:56:31.898514+00:00
143,acunote,Acunote,http://acunote.com,False,0,http://acunote.com/jobs,http://acunote.com/jobs,careers_page,homepage_link,0.84,200,Jobs,2026-05-06 19:56:31.901895+00:00
30234,adam,Adam,https://adam.new/,True,0,https://www.ycombinator.com/companies/adam/jobs/olALosA-founding-research-engineer,https://www.ycombinator.com/companies/adam/jobs/olALosA-founding-research-engineer,yc_job,yc_job_posting,1.0,,"Founding Research Engineer | San Francisco, CA, US | US citizen/visa only",2026-05-06 19:56:31.903720+00:00
30234,adam,Adam,https://adam.new/,True,0,https://www.ycombinator.com/companies/adam/jobs/q6td4uk-founding-engineer,https://www.ycombinator.com/companies/adam/jobs/q6td4uk-founding-engineer,yc_job,yc_job_posting,1.0,,"Founding Engineer | San Francisco, CA, US | US citizen/visa only",2026-05-06 19:56:31.903720+00:00
30234,adam,Adam,https://adam.new/,True,0,https://www.ycombinator.com/companies/adam/jobs/VOGhQkx-residency-summer-2026,https://www.ycombinator.com/companies/adam/jobs/VOGhQkx-residency-summer-2026,yc_job,yc_job_posting,1.0,,"Residency (Summer 2026) | San Francisco, CA, US | US citizen/visa only",2026-05-06 19:56:31.903720+00:00
30234,adam,Adam,https://adam.new/,True,0,https://adam.new/careers,https://adam.new/careers,careers_page,homepage_link,0.84,200,Careers,2026-05-06 19:56:31.903720+00:00
30234,adam,Adam,https://adam.new/,True,0,https://www.adam.new/careers,https://www.adam.new/careers,careers_page,sitemap,0.78,200,career-like URL in sitemap,2026-05-06 19:56:31.903720+00:00
30596,adaptional,Adaptional,https://www.adaptional.com/,True,0,https://www.ycombinator.com/companies/adaptional/jobs/k7W6ge9-founding-engineer,https://www.ycombinator.com/companies/adaptional/jobs/k7W6ge9-founding-engineer,yc_job,yc_job_posting,1.0,,"Founding Engineer | San Francisco, CA, US | US citizen/visa only",2026-05-06 19:56:31.911120+00:00
24505,adaptyv,Adaptyv,https://www.adaptyvbio.com/,True,0,https://www.adaptyvbio.com/careers,https://www.adaptyvbio.com/careers,careers_page,homepage_link,0.84,200,Careers,2026-05-06 19:56:31.913054+00:00
13141,aden,Aden,https://adenhq.com/,True,0,https://www.ycombinator.com/companies/aden/jobs/ioSy9pp-customer-success-lead,https://www.ycombinator.com/companies/aden/jobs/ioSy9pp-customer-success-lead,yc_job,yc_job_posting,1.0,,"Customer Success Lead | San Francisco, CA, US | Will sponsor",2026-05-06 19:56:32.127078+00:00
13141,aden,Aden,https://adenhq.com/,True,0,https://www.ycombinator.com/companies/aden/jobs/JknjXNi-ai-engineering-lead,https://www.ycombinator.com/companies/aden/jobs/JknjXNi-ai-engineering-lead,yc_job,yc_job_posting,1.0,,"AI Engineering Lead | San Francisco, CA, US / Remote (San Francisco, CA, US) | Will sponsor",2026-05-06 19:56:32.127078+00:00
13141,aden,Aden,https://adenhq.com/,True,0,https://www.ycombinator.com/companies/aden/jobs/LCfjFEq-sales-lead,https://www.ycombinator.com/companies/aden/jobs/LCfjFEq-sales-lead,yc_job,yc_job_posting,1.0,,"Sales Lead | San Francisco, CA, US / Remote | Will sponsor",2026-05-06 19:56:32.127078+00:00
13141,aden,Aden,https://adenhq.com/,True,0,https://www.ycombinator.com/companies/aden/jobs/lRImIXc-product-designer,https://www.ycombinator.com/companies/aden/jobs/lRImIXc-product-designer,yc_job,yc_job_posting,1.0,,"Product Designer | San Francisco, CA, US / Remote | Will sponsor",2026-05-06 19:56:32.127078+00:00
13141,aden,Aden,https://adenhq.com/,True,0,https://www.ycombinator.com/companies/aden/jobs/lu7XUmK-solution-architect,https://www.ycombinator.com/companies/aden/jobs/lu7XUmK-solution-architect,yc_job,yc_job_posting,1.0,,"Solution Architect | San Francisco, CA, US / Remote (San Francisco, CA, US) | Will sponsor",2026-05-06 19:56:32.127078+00:00
13141,aden,Aden,https://adenhq.com/,True,0,https://www.ycombinator.com/companies/aden/jobs/p2prFe1-growth-lead,https://www.ycombinator.com/companies/aden/jobs/p2prFe1-growth-lead,yc_job,yc_job_posting,1.0,,"Growth Lead | San Francisco, CA, US / Remote | Will sponsor",2026-05-06 19:56:32.127078+00:00
13141,aden,Aden,https://adenhq.com/,True,0,https://www.ycombinator.com/companies/aden/jobs/pgciuYc-product-lead-design-management-and-engineering,https://www.ycombinator.com/companies/aden/jobs/pgciuYc-product-lead-design-management-and-engineering,yc_job,yc_job_posting,1.0,,"Product Lead (Design, Management, and Engineering) | San Francisco, CA, US / Remote (US) | US citizen/visa only",2026-05-06 19:56:32.127078+00:00
13141,aden,Aden,https://adenhq.com/,True,0,https://adenhq.com/careers,https://adenhq.com/careers,careers_page,homepage_link,0.84,200,Join Us,2026-05-06 19:56:32.127078+00:00
13141,aden,Aden,https://adenhq.com/,True,0,https://adenhq.com/careers,https://adenhq.com/careers,careers_page,homepage_link,0.84,200,View open positions →,2026-05-06 19:56:32.127078+00:00
13141,aden,Aden,https://adenhq.com/,True,0,https://adenhq.com/careers,https://adenhq.com/careers,careers_page,sitemap,0.78,200,career-like URL in sitemap,2026-05-06 19:56:32.127078+00:00
1621,advano,Advano,http://www.advano.io,False,0,http://www.advano.io/careers,http://www.advano.io/careers,careers_page,homepage_link,0.84,200,Careers,2026-05-06 19:56:32.156782+00:00
13413,adyn,adyn,https://adyn.com,True,0,https://www.ycombinator.com/companies/adyn/jobs/81L5X466U-bioinformatician,https://www.ycombinator.com/companies/adyn/jobs/81L5X466U-bioinformatician,yc_job,yc_job_posting,1.0,,Bioinformatician | Remote (US) | US citizen/visa only,2026-05-06 19:56:32.381259+00:00
13413,adyn,adyn,https://adyn.com,True,0,https://www.ycombinator.com/companies/adyn/jobs/gvoVv2DWT-content-marketer,https://www.ycombinator.com/companies/adyn/jobs/gvoVv2DWT-content-marketer,yc_job,yc_job_posting,1.0,,Content Marketer | Remote (US) | US citizen/visa only,2026-05-06 19:56:32.381259+00:00
13413,adyn,adyn,https://adyn.com,True,0,https://www.ycombinator.com/companies/adyn/jobs/qz6qZH6sE-product-experience,https://www.ycombinator.com/companies/adyn/jobs/qz6qZH6sE-product-experience,yc_job,yc_job_posting,1.0,,Product Experience | Remote (US) | US citizen/visa only,2026-05-06 19:56:32.381259+00:00
13413,adyn,adyn,https://adyn.com,True,0,https://www.ycombinator.com/companies/adyn/jobs/xV982vp6h-full-stack-engineer,https://www.ycombinator.com/companies/adyn/jobs/xV982vp6h-full-stack-engineer,yc_job,yc_job_posting,1.0,,Full stack engineer | Remote (US) | US citizen/visa only,2026-05-06 19:56:32.381259+00:00
13413,adyn,adyn,https://adyn.com,True,0,https://www.ycombinator.com/companies/adyn/jobs/xzL8BxhkF-performance-marketer,https://www.ycombinator.com/companies/adyn/jobs/xzL8BxhkF-performance-marketer,yc_job,yc_job_posting,1.0,,Performance Marketer | Remote (US) | US citizen/visa only,2026-05-06 19:56:32.381259+00:00
13413,adyn,adyn,https://adyn.com,True,0,https://adyn.com/careers,https://adyn.com/careers,careers_page,homepage_link,0.84,200,Careers,2026-05-06 19:56:32.381259+00:00
13413,adyn,adyn,https://adyn.com,True,0,https://adyn.com/careers,https://adyn.com/careers,careers_page,sitemap,0.78,200,career-like URL in sitemap,2026-05-06 19:56:32.381259+00:00
13413,adyn,adyn,https://adyn.com,True,0,https://adyn.com/careers/back-end-engineer,https://adyn.com/careers/back-end-engineer,careers_page,sitemap,0.78,200,career-like URL in sitemap,2026-05-06 19:56:32.381259+00:00
13413,adyn,adyn,https://adyn.com,True,0,https://adyn.com/careers/digital-storytelling-intern,https://adyn.com/careers/digital-storytelling-intern,careers_page,sitemap,0.78,200,career-like URL in sitemap,2026-05-06 19:56:32.381259+00:00
1503,aella,Aella,http://www.aellaapp.com,False,0,http://www.aellaapp.com/career,http://www.aellaapp.com/career,careers_page,homepage_link,0.84,200,Careers,2026-05-06 19:56:32.390588+00:00
1875,aerones,Aerones,http://www.aerones.com,False,0,https://aerones.com/company-2/careers,https://aerones.com/company-2/careers,careers_page,homepage_link,0.84,200,Careers,2026-05-06 19:56:32.607167+00:00
22152,afriex,Afriex,https://www.afriexapp.com,True,0,https://www.ycombinator.com/companies/afriex/jobs/4VtOnnB-senior-react-native-performance-engineer,https://www.ycombinator.com/companies/afriex/jobs/4VtOnnB-senior-react-native-performance-engineer,yc_job,yc_job_posting,1.0,,Senior React Native Performance Engineer | Remote | US citizenship/visa not required,2026-05-06 19:56:32.637057+00:00
22152,afriex,Afriex,https://www.afriexapp.com,True,0,https://www.afriexapp.com/careers,https://www.afriexapp.com/careers,careers_page,homepage_link,0.84,200,Careers,2026-05-06 19:56:32.637057+00:00
22152,afriex,Afriex,https://www.afriexapp.com,True,0,https://www.afriex.com/careers,https://www.afriex.com/careers,careers_page,sitemap,0.78,200,career-like URL in sitemap,2026-05-06 19:56:32.637057+00:00
30037,afternoon-co,Afternoon.co,https://afternoon.co,True,0,https://www.ycombinator.com/companies/afternoon-co/jobs/KLMmxhR-founding-engineer-at-afternoon-f24,https://www.ycombinator.com/companies/afternoon-co/jobs/KLMmxhR-founding-engineer-at-afternoon-f24,yc_job,yc_job_posting,1.0,,"Founding Engineer at Afternoon (F24) | New York, NY, US | Will sponsor",2026-05-06 19:56:32.857151+00:00
30037,afternoon-co,Afternoon.co,https://afternoon.co,True,0,https://www.ycombinator.com/companies/afternoon-co/jobs/sP7Yh6G-founding-cpa-tax-professional,https://www.ycombinator.com/companies/afternoon-co/jobs/sP7Yh6G-founding-cpa-tax-professional,yc_job,yc_job_posting,1.0,,"Founding CPA & Tax Professional | New York, NY, US | US citizen/visa only",2026-05-06 19:56:32.857151+00:00
30303,afterquery,AfterQuery,https://afterquery.com,True,0,https://www.ycombinator.com/companies/afterquery/jobs/6a7szXP-software-engineer-intern,https://www.ycombinator.com/companies/afterquery/jobs/6a7szXP-software-engineer-intern,yc_job,yc_job_posting,1.0,,"Software Engineer Intern | San Francisco, CA, US / Remote (US) | US citizen/visa only",2026-05-06 19:56:32.859884+00:00
30303,afterquery,AfterQuery,https://afterquery.com,True,0,https://www.ycombinator.com/companies/afterquery/jobs/7tsT0ks-software-engineer-applied-ai-platform,https://www.ycombinator.com/companies/afterquery/jobs/7tsT0ks-software-engineer-applied-ai-platform,yc_job,yc_job_posting,1.0,,"Software Engineer - Applied AI / Platform | San Francisco, CA, US | US citizen/visa only",2026-05-06 19:56:32.859884+00:00
30303,afterquery,AfterQuery,https://afterquery.com,True,0,https://www.ycombinator.com/companies/afterquery/jobs/8NagVRQ-technical-strategic-projects-intern,https://www.ycombinator.com/companies/afterquery/jobs/8NagVRQ-technical-strategic-projects-intern,yc_job,yc_job_posting,1.0,,Technical Strategic Projects Intern | San Francisco | US citizen/visa only,2026-05-06 19:56:32.859884+00:00
30303,afterquery,AfterQuery,https://afterquery.com,True,0,https://www.ycombinator.com/companies/afterquery/jobs/Ep6eNax-strategic-projects-intern,https://www.ycombinator.com/companies/afterquery/jobs/Ep6eNax-strategic-projects-intern,yc_job,yc_job_posting,1.0,,Strategic Projects Intern | San Francisco | US citizen/visa only,2026-05-06 19:56:32.859884+00:00
30303,afterquery,AfterQuery,https://afterquery.com,True,0,https://www.ycombinator.com/companies/afterquery/jobs/iTt13cJ-strategic-projects-lead,https://www.ycombinator.com/companies/afterquery/jobs/iTt13cJ-strategic-projects-lead,yc_job,yc_job_posting,1.0,,Strategic Projects Lead | San Francisco | US citizen/visa only,2026-05-06 19:56:32.859884+00:00
30303,afterquery,AfterQuery,https://afterquery.com,True,0,https://www.ycombinator.com/companies/afterquery/jobs/PohDLWh-software-engineer-hiring-infra-latam,https://www.ycombinator.com/companies/afterquery/jobs/PohDLWh-software-engineer-hiring-infra-latam,yc_job,yc_job_posting,1.0,,"Software Engineer - Hiring Infra (LatAM) | San Francisco, CA, US / Remote (BR; CL; MX; AR; CO; PE) | US citizenship/visa not required",2026-05-06 19:56:32.859884+00:00
30303,afterquery,AfterQuery,https://afterquery.com,True,0,https://www.ycombinator.com/companies/afterquery/jobs/qwNKclV-strategic-projects-associate,https://www.ycombinator.com/companies/afterquery/jobs/qwNKclV-strategic-projects-associate,yc_job,yc_job_posting,1.0,,Strategic Projects Associate | San Francisco | US citizen/visa only,2026-05-06 19:56:32.859884+00:00
30303,afterquery,AfterQuery,https://afterquery.com,True,0,https://www.ycombinator.com/companies/afterquery/jobs/t0uj8SF-technical-strategic-projects-lead,https://www.ycombinator.com/companies/afterquery/jobs/t0uj8SF-technical-strategic-projects-lead,yc_job,yc_job_posting,1.0,,Technical Strategic Projects Lead | San Francisco | US citizen/visa only,2026-05-06 19:56:32.859884+00:00
30303,afterquery,AfterQuery,https://afterquery.com,True,0,https://www.ycombinator.com/companies/afterquery/jobs/TU2SAvz-senior-software-engineer-infrastructure-platform,https://www.ycombinator.com/companies/afterquery/jobs/TU2SAvz-senior-software-engineer-infrastructure-platform,yc_job,yc_job_posting,1.0,,"Senior Software Engineer, Infrastructure & Platform | San Francisco, CA, US | US citizen/visa only",2026-05-06 19:56:32.859884+00:00
30303,afterquery,AfterQuery,https://afterquery.com,True,0,https://www.ycombinator.com/companies/afterquery/jobs/Ww01atn-marketing-lead,https://www.ycombinator.com/companies/afterquery/jobs/Ww01atn-marketing-lead,yc_job,yc_job_posting,1.0,,Marketing Lead | San Francisco | US citizen/visa only,2026-05-06 19:56:32.859884+00:00
30303,afterquery,AfterQuery,https://afterquery.com,True,0,https://www.ycombinator.com/companies/afterquery/jobs/ziJE7ZY-technical-strategic-projects-associate,https://www.ycombinator.com/companies/afterquery/jobs/ziJE7ZY-technical-strategic-projects-associate,yc_job,yc_job_posting,1.0,,Technical Strategic Projects Associate | San Francisco | US citizen/visa only,2026-05-06 19:56:32.859884+00:00
30303,afterquery,AfterQuery,https://afterquery.com,True,0,https://afterquery.com/careers,https://afterquery.com/careers,careers_page,homepage_link,0.84,200,Careers,2026-05-06 19:56:32.859884+00:00
30303,afterquery,AfterQuery,https://afterquery.com,True,0,https://afterquery.com/careers,https://afterquery.com/careers,careers_page,homepage_link,0.84,200,"Careers We're hiring for engineering, operations, and research roles to help us accelerate AI training data solutions. Join the team revolutionizing AI Research and Training. See open roles",2026-05-06 19:56:32.859884+00:00
30303,afterquery,AfterQuery,https://afterquery.com,True,0,https://www.afterquery.com/careers,https://www.afterquery.com/careers,careers_page,sitemap,0.78,200,career-like URL in sitemap,2026-05-06 19:56:32.859884+00:00
23845,agape,Agapé,https://www.getdailyagape.com,True,0,https://www.ycombinator.com/companies/agape/jobs/FoOZP9O-social-media-marketing-intern-content-creator,https://www.ycombinator.com/companies/agape/jobs/FoOZP9O-social-media-marketing-intern-content-creator,yc_job,yc_job_posting,1.0,,Social Media Marketing Intern - Content Creator | US / Remote (US) | US citizen/visa only,2026-05-06 19:56:32.864928+00:00
25273,agave,Agave,https://www.useagave.com,True,0,https://www.ycombinator.com/companies/agave/jobs/5IEwP4I-talent-lead,https://www.ycombinator.com/companies/agave/jobs/5IEwP4I-talent-lead,yc_job,yc_job_posting,1.0,,"Talent Lead  | San Francisco, CA, US | Will sponsor",2026-05-06 19:56:32.867226+00:00
25273,agave,Agave,https://www.useagave.com,True,0,https://www.ycombinator.com/companies/agave/jobs/CHaV3yz-full-stack-software-engineer-new-grads,https://www.ycombinator.com/companies/agave/jobs/CHaV3yz-full-stack-software-engineer-new-grads,yc_job,yc_job_posting,1.0,,"Full-Stack Software Engineer (New Grads) | San Francisco, CA | Will sponsor",2026-05-06 19:56:32.867226+00:00
25273,agave,Agave,https://www.useagave.com,True,0,https://www.ycombinator.com/companies/agave/jobs/CU8TDs5-customer-solutions-engineer,https://www.ycombinator.com/companies/agave/jobs/CU8TDs5-customer-solutions-engineer,yc_job,yc_job_posting,1.0,,"Customer Solutions Engineer  | San Francisco, CA, US | Will sponsor",2026-05-06 19:56:32.867226+00:00
25273,agave,Agave,https://www.useagave.com,True,0,https://www.ycombinator.com/companies/agave/jobs/IWEgr66-founding-account-customer-success-manager,https://www.ycombinator.com/companies/agave/jobs/IWEgr66-founding-account-customer-success-manager,yc_job,yc_job_posting,1.0,,"Founding Account/Customer Success Manager | San Francisco, CA, US | Will sponsor",2026-05-06 19:56:32.867226+00:00
25273,agave,Agave,https://www.useagave.com,True,0,https://www.ycombinator.com/companies/agave/jobs/NKxdQNN-technical-product-manager,https://www.ycombinator.com/companies/agave/jobs/NKxdQNN-technical-product-manager,yc_job,yc_job_posting,1.0,,"Technical Product Manager | San Francisco, CA, US | Will sponsor",2026-05-06 19:56:32.867226+00:00
25273,agave,Agave,https://www.useagave.com,True,0,https://www.ycombinator.com/companies/agave/jobs/OUR5D9v-account-executive-in-person-remote-optional,https://www.ycombinator.com/companies/agave/jobs/OUR5D9v-account-executive-in-person-remote-optional,yc_job,yc_job_posting,1.0,,"Account Executive (in-person / remote optional)  | San Francisco, CA, US / Remote (US) | Will sponsor",2026-05-06 19:56:32.867226+00:00
25273,agave,Agave,https://www.useagave.com,True,0,https://www.ycombinator.com/companies/agave/jobs/U0de7Gn-founding-technical-support-engineer-remote-optional,https://www.ycombinator.com/companies/agave/jobs/U0de7Gn-founding-technical-support-engineer-remote-optional,yc_job,yc_job_posting,1.0,,"Founding Technical Support Engineer (remote optional) | San Francisco, CA, US / Remote (US) | Will sponsor",2026-05-06 19:56:32.867226+00:00
25273,agave,Agave,https://www.useagave.com,True,0,https://www.ycombinator.com/companies/agave/jobs/uNmv0Mv-full-stack-software-engineer-in-person-remote-optional,https://www.ycombinator.com/companies/agave/jobs/uNmv0Mv-full-stack-software-engineer-in-person-remote-optional,yc_job,yc_job_posting,1.0,,"Full-Stack Software Engineer (in-person / remote optional)  | San Francisco, CA / Remote (US) | Will sponsor",2026-05-06 19:56:32.867226+00:00
25273,agave,Agave,https://www.useagave.com,True,0,https://www.ycombinator.com/companies/agave/jobs/Wr9IXT8-founding-product-designer,https://www.ycombinator.com/companies/agave/jobs/Wr9IXT8-founding-product-designer,yc_job,yc_job_posting,1.0,,"Founding Product Designer  | San Francisco, CA, US | Will sponsor",2026-05-06 19:56:32.867226+00:00
25273,agave,Agave,https://www.useagave.com,True,0,https://www.ycombinator.com/companies/agave/jobs/YOi5r26-founding-frontend-software-engineer,https://www.ycombinator.com/companies/agave/jobs/YOi5r26-founding-frontend-software-engineer,yc_job,yc_job_posting,1.0,,"Founding Frontend Software Engineer  | San Francisco, CA, US | Will sponsor",2026-05-06 19:56:32.867226+00:00
25273,agave,Agave,https://www.useagave.com,True,0,https://www.ycombinator.com/companies/agave/jobs/Z4eqc5c-product-analyst,https://www.ycombinator.com/companies/agave/jobs/Z4eqc5c-product-analyst,yc_job,yc_job_posting,1.0,,"Product Analyst  | San Francisco, CA, US | Will sponsor",2026-05-06 19:56:32.867226+00:00
25273,agave,Agave,https://www.useagave.com,True,0,https://www.ycombinator.com/companies/agave/jobs/znh5Ff3-people-operations-lead,https://www.ycombinator.com/companies/agave/jobs/znh5Ff3-people-operations-lead,yc_job,yc_job_posting,1.0,,"People Operations Lead | San Francisco, CA, US | Will sponsor",2026-05-06 19:56:32.867226+00:00
25273,agave,Agave,https://www.useagave.com,True,0,https://www.useagave.com/careers,https://www.useagave.com/careers,careers_page,homepage_link,0.84,200,Careers,2026-05-06 19:56:32.867226+00:00
25273,agave,Agave,https://www.useagave.com,True,0,https://useagave.com/careers,https://useagave.com/careers,careers_page,sitemap,0.78,200,career-like URL in sitemap,2026-05-06 19:56:32.867226+00:00
25696,agency,Agency,https://GetAgency.com,True,0,https://www.ycombinator.com/companies/agency/jobs/247LpHO-sales-development-representative-business-development-rep,https://www.ycombinator.com/companies/agency/jobs/247LpHO-sales-development-representative-business-development-rep,yc_job,yc_job_posting,1.0,,"Sales Development Representative / Business Development Rep | San Francisco, CA, US | US citizen/visa only",2026-05-06 19:56:32.873627+00:00
25696,agency,Agency,https://GetAgency.com,True,0,https://getagency.com/careers,https://getagency.com/careers,careers_page,sitemap,0.78,200,career-like URL in sitemap,2026-05-06 19:56:32.873627+00:00
30278,agentin-ai,Agentin AI,https://www.agentin.ai,False,0,https://agentin.ai/careers,https://agentin.ai/careers,careers_page,sitemap,0.78,200,career-like URL in sitemap,2026-05-06 19:56:32.892312+00:00
28849,agentive,Agentive,https://www.goagentive.com,True,0,https://www.ycombinator.com/companies/agentive/jobs/0VB2hQr-senior-founding-engineer-6-yrs,https://www.ycombinator.com/companies/agentive/jobs/0VB2hQr-senior-founding-engineer-6-yrs,yc_job,yc_job_posting,1.0,,"Senior Founding Engineer (6+ yrs) | Provo, UT, US | US citizen/visa only",2026-05-06 19:56:33.107255+00:00
28849,agentive,Agentive,https://www.goagentive.com,True,0,https://www.ycombinator.com/companies/agentive/jobs/4ioYPDg-founding-engineer-0-5yrs,https://www.ycombinator.com/companies/agentive/jobs/4ioYPDg-founding-engineer-0-5yrs,yc_job,yc_job_posting,1.0,,"Founding Engineer (0-5yrs) | Provo, UT, US | US citizen/visa only",2026-05-06 19:56:33.107255+00:00
30611,agentmail,AgentMail,https://agentmail.to,True,0,https://www.ycombinator.com/companies/agentmail/jobs/7WRQSNz-founding-gtm-lead,https://www.ycombinator.com/companies/agentmail/jobs/7WRQSNz-founding-gtm-lead,yc_job,yc_job_posting,1.0,,"Founding GTM Lead | San Francisco, CA, US | US citizen/visa only",2026-05-06 19:56:33.109874+00:00
30611,agentmail,AgentMail,https://agentmail.to,True,0,https://www.ycombinator.com/companies/agentmail/jobs/8nlKcto-founding-strategy-operations-lead,https://www.ycombinator.com/companies/agentmail/jobs/8nlKcto-founding-strategy-operations-lead,yc_job,yc_job_posting,1.0,,"Founding Strategy & Operations Lead | San Francisco, CA, US | US citizen/visa only",2026-05-06 19:56:33.109874+00:00
30611,agentmail,AgentMail,https://agentmail.to,True,0,https://www.ycombinator.com/companies/agentmail/jobs/952yKNS-senior-engineer-backend-infra,https://www.ycombinator.com/companies/agentmail/jobs/952yKNS-senior-engineer-backend-infra,yc_job,yc_job_posting,1.0,,"Senior Engineer, Backend/Infra | San Francisco, CA, US | Will sponsor",2026-05-06 19:56:33.109874+00:00
30611,agentmail,AgentMail,https://agentmail.to,True,0,https://www.ycombinator.com/companies/agentmail/jobs/x66bmSk-founding-engineer,https://www.ycombinator.com/companies/agentmail/jobs/x66bmSk-founding-engineer,yc_job,yc_job_posting,1.0,,"Founding Engineer | San Francisco, CA, US | US citizen/visa only",2026-05-06 19:56:33.109874+00:00
30611,agentmail,AgentMail,https://agentmail.to,True,0,https://www.agentmail.to/careers,https://www.agentmail.to/careers,careers_page,sitemap,0.78,200,career-like URL in sitemap,2026-05-06 19:56:33.109874+00:00
90,agilemd,AgileMD,https://agilemd.com,True,0,https://www.ycombinator.com/companies/agilemd/jobs/3ivrQEb-product-manager-clinical-pathways-analytics,https://www.ycombinator.com/companies/agilemd/jobs/3ivrQEb-product-manager-clinical-pathways-analytics,yc_job,yc_job_posting,1.0,,Product Manager - Clinical Pathways & Analytics | US / Remote (US) | US citizen/visa only,2026-05-06 19:56:33.122350+00:00
90,agilemd,AgileMD,https://agilemd.com,True,0,https://app.dover.com/jobs/agilemd,https://app.dover.com/jobs/agilemd,ats,homepage_link,0.92,200,Careers,2026-05-06 19:56:33.122350+00:00
28933,aglide,Aglide,https://aglide.com,True,0,https://www.ycombinator.com/companies/aglide/jobs/EMhI87u-product-engineer-founding-team,https://www.ycombinator.com/companies/aglide/jobs/EMhI87u-product-engineer-founding-team,yc_job,yc_job_posting,1.0,,"Product Engineer (Founding team) | London, England, GB / San Francisco, CA, US | US citizenship/visa not required",2026-05-06 19:56:33.125047+00:00
28933,aglide,Aglide,https://aglide.com,True,0,https://www.ycombinator.com/companies/aglide/jobs/kbQPthH-founding-software-engineer,https://www.ycombinator.com/companies/aglide/jobs/kbQPthH-founding-software-engineer,yc_job,yc_job_posting,1.0,,"Founding Software Engineer | London, England, GB / San Francisco, CA, US | US citizenship/visa not required",2026-05-06 19:56:33.125047+00:00
28933,aglide,Aglide,https://aglide.com,True,0,https://www.ycombinator.com/companies/aglide/jobs/WnUet9o-forward-deployed-software-engineer-founding-team,https://www.ycombinator.com/companies/aglide/jobs/WnUet9o-forward-deployed-software-engineer-founding-team,yc_job,yc_job_posting,1.0,,"Forward Deployed Software Engineer (Founding team) | London, England, GB / San Francisco, CA, US | US citizenship/visa not required",2026-05-06 19:56:33.125047+00:00
28933,aglide,Aglide,https://aglide.com,True,0,https://www.ycombinator.com/companies/aglide/jobs/Z3NFuwF-product-security-engineer-founding-team,https://www.ycombinator.com/companies/aglide/jobs/Z3NFuwF-product-security-engineer-founding-team,yc_job,yc_job_posting,1.0,,"Product Security Engineer (Founding team) | London, England, GB / San Francisco, CA, US | US citizenship/visa not required",2026-05-06 19:56:33.125047+00:00
12006,ai-insurance,AI Insurance,https://www.aiinsurance.io,True,0,https://www.ycombinator.com/companies/ai-insurance/jobs/rqDLDMs-app-factory-software-engineer-node-js-and-react,https://www.ycombinator.com/companies/ai-insurance/jobs/rqDLDMs-app-factory-software-engineer-node-js-and-react,yc_job,yc_job_posting,1.0,,"App Factory Software Engineer - (Node.js and React) | San Francisco, CA / Remote (US) | US citizen/visa only",2026-05-06 19:56:33.360601+00:00
27086,aiprise,AiPrise,https://aiprise.com/,True,0,https://www.ycombinator.com/companies/aiprise/jobs/05SAS6H-account-executive-us,https://www.ycombinator.com/companies/aiprise/jobs/05SAS6H-account-executive-us,yc_job,yc_job_posting,1.0,,"Account Executive - US | Bellevue, WA, US / San Jose, CA, US / New York, NY, US / Austin, TX, US / Remote (US) | US citizen/visa only",2026-05-06 19:56:33.380609+00:00
27086,aiprise,AiPrise,https://aiprise.com/,True,0,https://www.ycombinator.com/companies/aiprise/jobs/4KFw70w-account-executive-uk-eu,https://www.ycombinator.com/companies/aiprise/jobs/4KFw70w-account-executive-uk-eu,yc_job,yc_job_posting,1.0,,"Account Executive - UK & EU | GB / Dublin, D, IE / Berlin, BE, DE / Remote (GB; Dublin, D, IE; Berlin, BE, DE) | US citizen/visa only",2026-05-06 19:56:33.380609+00:00
27086,aiprise,AiPrise,https://aiprise.com/,True,0,https://www.ycombinator.com/companies/aiprise/jobs/DldFdln-software-engineer-ii-usa,https://www.ycombinator.com/companies/aiprise/jobs/DldFdln-software-engineer-ii-usa,yc_job,yc_job_posting,1.0,,"Software Engineer II (USA) | San Jose, CA, US | US citizen/visa only",2026-05-06 19:56:33.380609+00:00
27086,aiprise,AiPrise,https://aiprise.com/,True,0,https://www.ycombinator.com/companies/aiprise/jobs/F6DedWi-account-executive-latam,https://www.ycombinator.com/companies/aiprise/jobs/F6DedWi-account-executive-latam,yc_job,yc_job_posting,1.0,,"Account Executive - LATAM | Mexico City, CDMX, MX / SP, BR / Buenos Aires, Buenos Aires, AR / Bogotá, Bogota, CO / Remote (Mexico City, CDMX, MX; SP, BR; Buenos Aires, Buenos Aires, AR; Bogotá, Bogota, CO) | US citizen/visa only",2026-05-06 19:56:33.380609+00:00
27086,aiprise,AiPrise,https://aiprise.com/,True,0,https://www.ycombinator.com/companies/aiprise/jobs/trWvTK9-forward-deployed-engineer-usa,https://www.ycombinator.com/companies/aiprise/jobs/trWvTK9-forward-deployed-engineer-usa,yc_job,yc_job_posting,1.0,,"Forward Deployed Engineer (USA) | San Jose, CA, US | US citizen/visa only",2026-05-06 19:56:33.380609+00:00
27086,aiprise,AiPrise,https://aiprise.com/,True,0,https://www.ycombinator.com/companies/aiprise/jobs/Uz2e9zi-staff-software-engineer,https://www.ycombinator.com/companies/aiprise/jobs/Uz2e9zi-staff-software-engineer,yc_job,yc_job_posting,1.0,,"Staff Software Engineer | IN / Bengaluru, KA, IN / Bengaluru, Karnataka, IN / Remote (IN; Bengaluru, KA, IN; Bengaluru, Karnataka, IN) | US citizenship/visa not required",2026-05-06 19:56:33.380609+00:00
27086,aiprise,AiPrise,https://aiprise.com/,True,0,https://www.ycombinator.com/companies/aiprise/jobs/XBbju0v-customer-success-manager,https://www.ycombinator.com/companies/aiprise/jobs/XBbju0v-customer-success-manager,yc_job,yc_job_posting,1.0,,"Customer Success Manager | Bengaluru, KA, IN / Bengaluru, Karnataka, IN / Remote (US) | US citizen/visa only",2026-05-06 19:56:33.380609+00:00
27086,aiprise,AiPrise,https://aiprise.com/,True,0,https://jobs.ashbyhq.com/aiprise,https://jobs.ashbyhq.com/aiprise,ats,homepage_link,0.92,200,Careers,2026-05-06 19:56:33.380609+00:00
27086,aiprise,AiPrise,https://aiprise.com/,True,0,https://jobs.ashbyhq.com/aiprise,https://jobs.ashbyhq.com/aiprise,ats,homepage_link,0.92,200,Careers We're hiring,2026-05-06 19:56:33.380609+00:00
13549,airbyte,Airbyte,https://airbyte.com/,False,0,https://airbyte.com/company/careers,https://airbyte.com/company/careers,careers_page,homepage_link,0.84,200,Careers,2026-05-06 19:56:33.394755+00:00
13549,airbyte,Airbyte,https://airbyte.com/,False,0,https://airbyte.com/company/careers,https://airbyte.com/company/careers,careers_page,sitemap,0.78,200,career-like URL in sitemap,2026-05-06 19:56:33.394755+00:00
30837,aircaps,AirCaps,https://aircaps.com,True,0,https://www.ycombinator.com/companies/aircaps/jobs/J0hKNkF-product-engineer,https://www.ycombinator.com/companies/aircaps/jobs/J0hKNkF-product-engineer,yc_job,yc_job_posting,1.0,,"Product Engineer | San Francisco, CA, US | Will sponsor",2026-05-06 19:56:33.424420+00:00
1274,airfordable,Airfordable,http://www.airfordable.com,False,0,http://www.airfordable.com/careers,http://www.airfordable.com/careers,careers_page,homepage_link,0.84,200,Careers,2026-05-06 19:56:33.429014+00:00
1274,airfordable,Airfordable,http://www.airfordable.com,False,0,https://v2.airfordable.com/careers,https://v2.airfordable.com/careers,careers_page,sitemap,0.78,200,career-like URL in sitemap,2026-05-06 19:56:33.429014+00:00
28827,airgoods,Airgoods,https://airgoods.com/,True,0,https://www.ycombinator.com/companies/airgoods/jobs/44tfKKD-sofware-engineer-frontend,https://www.ycombinator.com/companies/airgoods/jobs/44tfKKD-sofware-engineer-frontend,yc_job,yc_job_posting,1.0,,Sofware Engineer - Frontend | New York City | US citizen/visa only,2026-05-06 19:56:33.434239+00:00
28827,airgoods,Airgoods,https://airgoods.com/,True,0,https://www.ycombinator.com/companies/airgoods/jobs/eDzetej-mobile-engineer,https://www.ycombinator.com/companies/airgoods/jobs/eDzetej-mobile-engineer,yc_job,yc_job_posting,1.0,,Mobile Engineer | New York City | US citizen/visa only,2026-05-06 19:56:33.434239+00:00
28827,airgoods,Airgoods,https://airgoods.com/,True,0,https://www.ycombinator.com/companies/airgoods/jobs/eHjNGRk-growth-retailers,https://www.ycombinator.com/companies/airgoods/jobs/eHjNGRk-growth-retailers,yc_job,yc_job_posting,1.0,,"Growth - Retailers | New York, NY, US | Will sponsor",2026-05-06 19:56:33.434239+00:00
28827,airgoods,Airgoods,https://airgoods.com/,True,0,https://www.ycombinator.com/companies/airgoods/jobs/jSDpLwO-software-engineer-full-stack,https://www.ycombinator.com/companies/airgoods/jobs/jSDpLwO-software-engineer-full-stack,yc_job,yc_job_posting,1.0,,Software Engineer - Full Stack | New York City | US citizen/visa only,2026-05-06 19:56:33.434239+00:00
28827,airgoods,Airgoods,https://airgoods.com/,True,0,https://www.ycombinator.com/companies/airgoods/jobs/V9HCGgs-software-engineer-platform,https://www.ycombinator.com/companies/airgoods/jobs/V9HCGgs-software-engineer-platform,yc_job,yc_job_posting,1.0,,Software Engineer - Platform | New York City | US citizen/visa only,2026-05-06 19:56:33.434239+00:00
26880,airhart-aeronautics,Airhart Aeronautics,https://www.airhartaero.com/,True,0,https://www.ycombinator.com/companies/airhart-aeronautics/jobs/vDedQq9-senior-mechanical-engineer,https://www.ycombinator.com/companies/airhart-aeronautics/jobs/vDedQq9-senior-mechanical-engineer,yc_job,yc_job_posting,1.0,,"Senior Mechanical Engineer | Long Beach, CA, US | US citizen/visa only",2026-05-06 19:56:33.642901+00:00
26880,airhart-aeronautics,Airhart Aeronautics,https://www.airhartaero.com/,True,0,https://airhartaero.com/careers,https://airhartaero.com/careers,careers_page,sitemap,0.78,200,career-like URL in sitemap,2026-05-06 19:56:33.642901+00:00
26120,airmyne,AirMyne,http://www.airmyne.com,True,0,https://www.ycombinator.com/companies/airmyne/jobs/AjGrSaG-r-d-engineer,https://www.ycombinator.com/companies/airmyne/jobs/AjGrSaG-r-d-engineer,yc_job,yc_job_posting,1.0,,"R&D Engineer | Berkeley, CA, US | US citizen/visa only",2026-05-06 19:56:33.669754+00:00
30549,airweave,Airweave,https://airweave.ai,True,0,https://www.ycombinator.com/companies/airweave/jobs/MwvkkF7-founding-software-engineer-data-infrastructure,https://www.ycombinator.com/companies/airweave/jobs/MwvkkF7-founding-software-engineer-data-infrastructure,yc_job,yc_job_posting,1.0,,"Founding Software Engineer, Data Infrastructure | San Francisco, CA, US | US citizen/visa only",2026-05-06 19:56:33.888405+00:00
30549,airweave,Airweave,https://airweave.ai,True,0,https://www.ycombinator.com/companies/airweave/jobs/objmrAG-founding-software-engineer-full-stack,https://www.ycombinator.com/companies/airweave/jobs/objmrAG-founding-software-engineer-full-stack,yc_job,yc_job_posting,1.0,,"Founding Software Engineer, Full Stack | San Francisco, CA, US | US citizen/visa only",2026-05-06 19:56:33.888405+00:00
30549,airweave,Airweave,https://airweave.ai,True,0,https://www.ycombinator.com/companies/airweave/jobs/OH2VNh6-founding-forward-deployed-engineer,https://www.ycombinator.com/companies/airweave/jobs/OH2VNh6-founding-forward-deployed-engineer,yc_job,yc_job_posting,1.0,,"Founding Forward Deployed Engineer | Amsterdam, North Holland, NL | US citizenship/visa not required",2026-05-06 19:56:33.888405+00:00
30549,airweave,Airweave,https://airweave.ai,True,0,https://www.ycombinator.com/companies/airweave/jobs/qXyMGJz-founding-software-engineer-full-stack,https://www.ycombinator.com/companies/airweave/jobs/qXyMGJz-founding-software-engineer-full-stack,yc_job,yc_job_posting,1.0,,"Founding Software Engineer, Full Stack | Amsterdam, North Holland, NL | US citizenship/visa not required",2026-05-06 19:56:33.888405+00:00
30549,airweave,Airweave,https://airweave.ai,True,0,https://www.ycombinator.com/companies/airweave/jobs/Xluuse7-founding-software-engineer-data-infrastructure,https://www.ycombinator.com/companies/airweave/jobs/Xluuse7-founding-software-engineer-data-infrastructure,yc_job,yc_job_posting,1.0,,"Founding Software Engineer, Data Infrastructure | Amsterdam, North Holland, NL | US citizenship/visa not required",2026-05-06 19:56:33.888405+00:00
30549,airweave,Airweave,https://airweave.ai,True,0,https://airweave.ai/careers,https://airweave.ai/careers,careers_page,homepage_link,0.84,200,CAREERS,2026-05-06 19:56:33.888405+00:00
30549,airweave,Airweave,https://airweave.ai,True,0,https://airweave.ai/careers,https://airweave.ai/careers,careers_page,sitemap,0.78,200,career-like URL in sitemap,2026-05-06 19:56:33.888405+00:00
28792,aivideo-com,AIVideo.com,https://aivideo.com,True,0,https://www.ycombinator.com/companies/aivideo-com/jobs/qW8ZHHF-marketing-consultant-meta-ads,https://www.ycombinator.com/companies/aivideo-com/jobs/qW8ZHHF-marketing-consultant-meta-ads,yc_job,yc_job_posting,1.0,,Marketing Consultant (Meta Ads) | Remote | US citizenship/visa not required,2026-05-06 19:56:33.919791+00:00
748,akido-labs,Akido Labs,http://akidolabs.com,False,0,https://www.akidolabs.com/careers,https://www.akidolabs.com/careers,careers_page,sitemap,0.78,200,career-like URL in sitemap,2026-05-06 19:56:33.920850+00:00
22077,akiflow,Akiflow,https://akiflow.com,False,0,https://akiflow.com/careers,https://akiflow.com/careers,careers_page,sitemap,0.78,200,career-like URL in sitemap,2026-05-06 19:56:33.922117+00:00
22077,akiflow,Akiflow,https://akiflow.com,False,0,https://akiflow.com/careers/full-stack-developer,https://akiflow.com/careers/full-stack-developer,careers_page,sitemap,0.78,200,career-like URL in sitemap,2026-05-06 19:56:33.922117+00:00
24525,akute-health,Akute Health,https://www.akutehealth.com,True,0,https://www.ycombinator.com/companies/akute-health/jobs/g0uiZFj-customer-support-specialist,https://www.ycombinator.com/companies/akute-health/jobs/g0uiZFj-customer-support-specialist,yc_job,yc_job_posting,1.0,,Customer Support Specialist | US / Remote (US) | US citizen/visa only,2026-05-06 19:56:34.143349+00:00
24525,akute-health,Akute Health,https://www.akutehealth.com,True,0,https://www.ycombinator.com/companies/akute-health/jobs/JKi908R-support-engineer,https://www.ycombinator.com/companies/akute-health/jobs/JKi908R-support-engineer,yc_job,yc_job_posting,1.0,,Support Engineer | US / Remote (US) | US citizen/visa only,2026-05-06 19:56:34.143349+00:00
24525,akute-health,Akute Health,https://www.akutehealth.com,True,0,https://www.ycombinator.com/companies/akute-health/jobs/Wn5iQxz-founding-account-executive,https://www.ycombinator.com/companies/akute-health/jobs/Wn5iQxz-founding-account-executive,yc_job,yc_job_posting,1.0,,Founding Account Executive | US / Remote (US) | US citizen/visa only,2026-05-06 19:56:34.143349+00:00
27968,alaan,Alaan,https://www.alaan.com/,True,0,https://www.ycombinator.com/companies/alaan/jobs/1UtsIkP-fullstack-engineer,https://www.ycombinator.com/companies/alaan/jobs/1UtsIkP-fullstack-engineer,yc_job,yc_job_posting,1.0,,"Fullstack Engineer | Riyadh, Riyadh Province, SA | US citizenship/visa not required",2026-05-06 19:56:34.152216+00:00
27968,alaan,Alaan,https://www.alaan.com/,True,0,https://www.ycombinator.com/companies/alaan/jobs/IQt1VFH-marketing-manager-events-community,https://www.ycombinator.com/companies/alaan/jobs/IQt1VFH-marketing-manager-events-community,yc_job,yc_job_posting,1.0,,"Marketing Manager - Events & Community | Dubai, Dubai, AE | US citizen/visa only",2026-05-06 19:56:34.152216+00:00
27968,alaan,Alaan,https://www.alaan.com/,True,0,https://www.ycombinator.com/companies/alaan/jobs/J1PLtln-backend-engineer-sde-i,https://www.ycombinator.com/companies/alaan/jobs/J1PLtln-backend-engineer-sde-i,yc_job,yc_job_posting,1.0,,"Backend Engineer - SDE I | Bengaluru, KA, IN | US citizenship/visa not required",2026-05-06 19:56:34.152216+00:00
27968,alaan,Alaan,https://www.alaan.com/,True,0,https://www.ycombinator.com/companies/alaan/jobs/JMzDJNO-customer-success-associate-manager,https://www.ycombinator.com/companies/alaan/jobs/JMzDJNO-customer-success-associate-manager,yc_job,yc_job_posting,1.0,,Customer Success Associate/Manager  | IN / Remote (IN) | US citizen/visa only,2026-05-06 19:56:34.152216+00:00
27968,alaan,Alaan,https://www.alaan.com/,True,0,https://www.ycombinator.com/companies/alaan/jobs/QZbmGPf-tech-lead-platform-engineer,https://www.ycombinator.com/companies/alaan/jobs/QZbmGPf-tech-lead-platform-engineer,yc_job,yc_job_posting,1.0,,"Tech Lead / Platform Engineer | Bengaluru, KA, IN | US citizenship/visa not required",2026-05-06 19:56:34.152216+00:00
27968,alaan,Alaan,https://www.alaan.com/,True,0,https://www.ycombinator.com/companies/alaan/jobs/YE8yrWA-performance-marketing-manager,https://www.ycombinator.com/companies/alaan/jobs/YE8yrWA-performance-marketing-manager,yc_job,yc_job_posting,1.0,,"Performance Marketing Manager | Bengaluru, KA, IN / Bengaluru, Karnataka, IN | US citizen/visa only",2026-05-06 19:56:34.152216+00:00
27968,alaan,Alaan,https://www.alaan.com/,True,0,https://www.alaan.com/careers,https://www.alaan.com/careers,careers_page,homepage_link,0.84,200,Careers Explore exciting opportunities to join our team.,2026-05-06 19:56:34.152216+00:00
27968,alaan,Alaan,https://www.alaan.com/,True,0,https://www.alaan.com/careers,https://www.alaan.com/careers,careers_page,homepage_link,0.84,200,Careers,2026-05-06 19:56:34.152216+00:00
27968,alaan,Alaan,https://www.alaan.com/,True,0,https://www.alaan.com/ar-ae/careers,https://www.alaan.com/ar-ae/careers,careers_page,sitemap,0.78,200,career-like URL in sitemap,2026-05-06 19:56:34.152216+00:00
27968,alaan,Alaan,https://www.alaan.com/,True,0,https://www.alaan.com/careers,https://www.alaan.com/careers,careers_page,sitemap,0.78,200,career-like URL in sitemap,2026-05-06 19:56:34.152216+00:00
30704,albacore-inc,Albacore Inc.,https://www.albacore.inc,False,0,https://www.albacore.inc/careers,https://www.albacore.inc/careers,careers_page,homepage_link,0.84,200,Careers,2026-05-06 19:56:34.174618+00:00
30704,albacore-inc,Albacore Inc.,https://www.albacore.inc,False,0,https://www.albacore.inc/careers,https://www.albacore.inc/careers,careers_page,homepage_link,0.84,200,View open roles,2026-05-06 19:56:34.174618+00:00
22630,alba-orbital,Alba Orbital,https://www.albaorbital.com,False,0,https://www.albaorbital.com/careers,https://www.albaorbital.com/careers,careers_page,homepage_link,0.84,200,Careers,2026-05-06 19:56:34.177334+00:00
22630,alba-orbital,Alba Orbital,https://www.albaorbital.com,False,0,https://www.albaorbital.com/careers,https://www.albaorbital.com/careers,careers_page,sitemap,0.78,200,career-like URL in sitemap,2026-05-06 19:56:34.177334+00:00
22640,albedo,Albedo,https://albedo.com,True,0,https://www.ycombinator.com/companies/albedo/jobs/dJsRVu8-lead-recruiter,https://www.ycombinator.com/companies/albedo/jobs/dJsRVu8-lead-recruiter,yc_job,yc_job_posting,1.0,,"Lead Recruiter | Broomfield, CO | US citizen/visa only",2026-05-06 19:56:34.181735+00:00
22640,albedo,Albedo,https://albedo.com,True,0,https://www.ycombinator.com/companies/albedo/jobs/Jf8Jr49-director-of-software,https://www.ycombinator.com/companies/albedo/jobs/Jf8Jr49-director-of-software,yc_job,yc_job_posting,1.0,,"Director of Software | Broomfield, CO | US citizen/visa only",2026-05-06 19:56:34.181735+00:00
22640,albedo,Albedo,https://albedo.com,True,0,https://www.ycombinator.com/companies/albedo/jobs/TOtlu2u-director-of-hardware,https://www.ycombinator.com/companies/albedo/jobs/TOtlu2u-director-of-hardware,yc_job,yc_job_posting,1.0,,"Director of Hardware | Broomfield, CO | US citizen/visa only",2026-05-06 19:56:34.181735+00:00
691,alchemy,Alchemy,http://www.alchemynano.com,False,0,http://www.alchemynano.com/careers,http://www.alchemynano.com/careers,careers_page,homepage_link,0.84,200,Careers at Alchemy View currently open positions at Alchemy.,2026-05-06 19:56:34.402785+00:00
691,alchemy,Alchemy,http://www.alchemynano.com,False,0,http://www.alchemynano.com/careers,http://www.alchemynano.com/careers,careers_page,homepage_link,0.84,200,Careers at Alchemy,2026-05-06 19:56:34.402785+00:00
691,alchemy,Alchemy,http://www.alchemynano.com,False,0,http://www.alchemynano.com/careers,http://www.alchemynano.com/careers,careers_page,homepage_link,0.84,200,Careers,2026-05-06 19:56:34.402785+00:00
691,alchemy,Alchemy,http://www.alchemynano.com,False,0,https://www.alchemynano.com/careers,https://www.alchemynano.com/careers,careers_page,sitemap,0.78,200,career-like URL in sitemap,2026-05-06 19:56:34.402785+00:00
691,alchemy,Alchemy,http://www.alchemynano.com,False,0,https://www.alchemynano.com/jobs/director-of-marketing,https://www.alchemynano.com/jobs/director-of-marketing,jobs_page,sitemap,0.78,200,career-like URL in sitemap,2026-05-06 19:56:34.402785+00:00
691,alchemy,Alchemy,http://www.alchemynano.com,False,0,https://www.alchemynano.com/jobs/logistics-assembly-supervisor,https://www.alchemynano.com/jobs/logistics-assembly-supervisor,jobs_page,sitemap,0.78,200,career-like URL in sitemap,2026-05-06 19:56:34.402785+00:00
1509,alemhealth,AlemHealth,https://www.alemhealth.com,True,0,https://www.ycombinator.com/companies/alemhealth/jobs/3NAvuw1Y8-full-stack-software-engineer-python-reactjs,https://www.ycombinator.com/companies/alemhealth/jobs/3NAvuw1Y8-full-stack-software-engineer-python-reactjs,yc_job,yc_job_posting,1.0,,Full Stack Software Engineer (Python/ReactJS) | Singapore / Remote (SG; ID; IN; MY; PH; BD; PK; TH; VN; TW; KR; JP; NP; LK) | US citizen/visa only,2026-05-06 19:56:34.404668+00:00
1509,alemhealth,AlemHealth,https://www.alemhealth.com,True,0,https://www.alemhealth.com/careers,https://www.alemhealth.com/careers,careers_page,homepage_link,0.84,200,Careers,2026-05-06 19:56:34.404668+00:00
1509,alemhealth,AlemHealth,https://www.alemhealth.com,True,0,https://www.alemhealth.com/careers,https://www.alemhealth.com/careers,careers_page,sitemap,0.78,200,career-like URL in sitemap,2026-05-06 19:56:34.404668+00:00
1509,alemhealth,AlemHealth,https://www.alemhealth.com,True,0,https://www.alemhealth.com/fr/careers,https://www.alemhealth.com/fr/careers,careers_page,sitemap,0.78,200,career-like URL in sitemap,2026-05-06 19:56:34.404668+00:00
24428,aleph,Aleph,https://getaleph.com/,True,0,https://www.ycombinator.com/companies/aleph/jobs/6Ssv0aL-engineering-manager,https://www.ycombinator.com/companies/aleph/jobs/6Ssv0aL-engineering-manager,yc_job,yc_job_posting,1.0,,Engineering Manager | Remote - Americas / Remote (US) | US citizen/visa only,2026-05-06 19:56:34.409558+00:00
24428,aleph,Aleph,https://getaleph.com/,True,0,https://www.ycombinator.com/companies/aleph/jobs/mXxBnAx-engagement-manager-pe-engagements,https://www.ycombinator.com/companies/aleph/jobs/mXxBnAx-engagement-manager-pe-engagements,yc_job,yc_job_posting,1.0,,Engagement Manager  - PE Engagements | Americas / Remote (US) | US citizen/visa only,2026-05-06 19:56:34.409558+00:00
24428,aleph,Aleph,https://getaleph.com/,True,0,https://www.ycombinator.com/companies/aleph/jobs/Ooi4sgM-software-engineer,https://www.ycombinator.com/companies/aleph/jobs/Ooi4sgM-software-engineer,yc_job,yc_job_posting,1.0,,Software Engineer | Americas / Remote (US) | US citizen/visa only,2026-05-06 19:56:34.409558+00:00
24428,aleph,Aleph,https://getaleph.com/,True,0,https://www.ycombinator.com/companies/aleph/jobs/vIk8bTq-engagement-associate-partner-engagements,https://www.ycombinator.com/companies/aleph/jobs/vIk8bTq-engagement-associate-partner-engagements,yc_job,yc_job_posting,1.0,,Engagement Associate - Partner Engagements | Americas / Remote (US) | US citizen/visa only,2026-05-06 19:56:34.409558+00:00
24428,aleph,Aleph,https://getaleph.com/,True,0,https://getaleph.com/careers,https://getaleph.com/careers,careers_page,homepage_link,0.84,200,Careers Hiring! Explore open roles for shaping the future of FP&A,2026-05-06 19:56:34.409558+00:00
24428,aleph,Aleph,https://getaleph.com/,True,0,https://getaleph.com/careers,https://getaleph.com/careers,careers_page,homepage_link,0.84,200,Careers,2026-05-06 19:56:34.409558+00:00
24428,aleph,Aleph,https://getaleph.com/,True,0,https://www.getaleph.com/careers,https://www.getaleph.com/careers,careers_page,sitemap,0.78,200,career-like URL in sitemap,2026-05-06 19:56:34.409558+00:00
30100,alex,Alex,https://alexcodes.app,True,0,https://www.ycombinator.com/companies/alex/jobs/uB3KJ2P-founding-engineer,https://www.ycombinator.com/companies/alex/jobs/uB3KJ2P-founding-engineer,yc_job,yc_job_posting,1.0,,"Founding Engineer | San Francisco, CA, US | US citizen/visa only",2026-05-06 19:56:34.434906+00:00
29263,alex-com,Alex,https://alex.com,True,0,https://www.ycombinator.com/companies/alex-com/jobs/bSLzq4w-sales-development-representative-sdr,https://www.ycombinator.com/companies/alex-com/jobs/bSLzq4w-sales-development-representative-sdr,yc_job,yc_job_posting,1.0,,Sales Development Representative (SDR) | San Francisco | US citizen/visa only,2026-05-06 19:56:34.439859+00:00
29263,alex-com,Alex,https://alex.com,True,0,https://www.ycombinator.com/companies/alex-com/jobs/hFuPyxi-full-stack-software-engineer,https://www.ycombinator.com/companies/alex-com/jobs/hFuPyxi-full-stack-software-engineer,yc_job,yc_job_posting,1.0,,Full-Stack Software Engineer | San Francisco | US citizen/visa only,2026-05-06 19:56:34.439859+00:00
29263,alex-com,Alex,https://alex.com,True,0,https://alex.com/careers,https://alex.com/careers,careers_page,homepage_link,0.84,200,Careers,2026-05-06 19:56:34.439859+00:00
29263,alex-com,Alex,https://alex.com,True,0,https://alex.com/careers,https://alex.com/careers,careers_page,homepage_link,0.84,200,Careers Discover open roles at Alex,2026-05-06 19:56:34.439859+00:00
29263,alex-com,Alex,https://alex.com,True,0,https://www.alex.com/careers,https://www.alex.com/careers,careers_page,sitemap,0.78,200,career-like URL in sitemap,2026-05-06 19:56:34.439859+00:00
636,algolia,Algolia,http://www.algolia.com,True,0,http://www.algolia.com/careers,http://www.algolia.com/careers,careers_page,homepage_link,0.84,200,Careers,2026-05-06 19:56:34.682989+00:00
636,algolia,Algolia,http://www.algolia.com,True,0,https://www.algolia.com/careers/benefits,https://www.algolia.com/careers/benefits,careers_page,sitemap,0.78,200,career-like URL in sitemap,2026-05-06 19:56:34.682989+00:00
636,algolia,Algolia,http://www.algolia.com,True,0,https://www.algolia.com/de/careers,https://www.algolia.com/de/careers,careers_page,sitemap,0.78,200,career-like URL in sitemap,2026-05-06 19:56:34.682989+00:00
27191,algotest,AlgoTest,https://algotest.in,True,0,https://www.ycombinator.com/companies/algotest/jobs/mqaKLNc-product-manager,https://www.ycombinator.com/companies/algotest/jobs/mqaKLNc-product-manager,yc_job,yc_job_posting,1.0,,"Product Manager | New Delhi, DL, IN / New Delhi, Delhi, IN | US citizenship/visa not required",2026-05-06 19:56:34.711059+00:00
24094,algouniversity,AlgoUniversity,http://algouniversity.com/,True,0,https://www.ycombinator.com/companies/algouniversity/jobs/2Y4ecXn-community-growth-partnerships,https://www.ycombinator.com/companies/algouniversity/jobs/2Y4ecXn-community-growth-partnerships,yc_job,yc_job_posting,1.0,,"Community Growth & Partnerships  | Hyderabad, TS, IN / Hyderabad, Telangana, IN | US citizen/visa only",2026-05-06 19:56:34.711509+00:00
24094,algouniversity,AlgoUniversity,http://algouniversity.com/,True,0,https://www.ycombinator.com/companies/algouniversity/jobs/bl9ESUg-business-development-enterprise-sales-algouniversity-yc-s21,https://www.ycombinator.com/companies/algouniversity/jobs/bl9ESUg-business-development-enterprise-sales-algouniversity-yc-s21,yc_job,yc_job_posting,1.0,,"Business Development & Enterprise Sales @ AlgoUniversity (YC S21) | Hyderabad, TS, IN / Hyderabad, Telangana, IN | US citizenship/visa not required",2026-05-06 19:56:34.711509+00:00
24094,algouniversity,AlgoUniversity,http://algouniversity.com/,True,0,https://www.ycombinator.com/companies/algouniversity/jobs/DCjjTNN-digital-marketing-specialist,https://www.ycombinator.com/companies/algouniversity/jobs/DCjjTNN-digital-marketing-specialist,yc_job,yc_job_posting,1.0,,"Digital Marketing Specialist | Hyderabad, TS, IN | US citizenship/visa not required",2026-05-06 19:56:34.711509+00:00
24094,algouniversity,AlgoUniversity,http://algouniversity.com/,True,0,https://www.ycombinator.com/companies/algouniversity/jobs/isWWKrR-visual-communication-designer,https://www.ycombinator.com/companies/algouniversity/jobs/isWWKrR-visual-communication-designer,yc_job,yc_job_posting,1.0,,"Visual Communication Designer | Hyderabad, TS, IN / Remote | US citizenship/visa not required",2026-05-06 19:56:34.711509+00:00
24094,algouniversity,AlgoUniversity,http://algouniversity.com/,True,0,https://www.ycombinator.com/companies/algouniversity/jobs/JE7sPTw-sales-executive-gtm-strategy-intern,https://www.ycombinator.com/companies/algouniversity/jobs/JE7sPTw-sales-executive-gtm-strategy-intern,yc_job,yc_job_posting,1.0,,"Sales Executive, GTM Strategy (Intern) | Hyderabad, Telangana, India / Remote | US citizenship/visa not required",2026-05-06 19:56:34.711509+00:00
24094,algouniversity,AlgoUniversity,http://algouniversity.com/,True,0,https://www.ycombinator.com/companies/algouniversity/jobs/jLmfaYI-ui-ux-designer-at-algouniversity-yc-s21,https://www.ycombinator.com/companies/algouniversity/jobs/jLmfaYI-ui-ux-designer-at-algouniversity-yc-s21,yc_job,yc_job_posting,1.0,,"UI/UX Designer at AlgoUniversity (YC S21) | Hyderabad, TS, IN / Remote | US citizenship/visa not required",2026-05-06 19:56:34.711509+00:00
24094,algouniversity,AlgoUniversity,http://algouniversity.com/,True,0,https://www.ycombinator.com/companies/algouniversity/jobs/jY5SSl3-business-development-associate,https://www.ycombinator.com/companies/algouniversity/jobs/jY5SSl3-business-development-associate,yc_job,yc_job_posting,1.0,,"Business Development Associate | Hyderabad, Telangana, India | US citizenship/visa not required",2026-05-06 19:56:34.711509+00:00
24094,algouniversity,AlgoUniversity,http://algouniversity.com/,True,0,https://www.ycombinator.com/companies/algouniversity/jobs/KX7Aove-technical-recruiter-talent-partnerships,https://www.ycombinator.com/companies/algouniversity/jobs/KX7Aove-technical-recruiter-talent-partnerships,yc_job,yc_job_posting,1.0,,"Technical Recruiter – Talent Partnerships | Hyderabad, TS, IN / Hyderabad, Telangana, IN | US citizenship/visa not required",2026-05-06 19:56:34.711509+00:00
24094,algouniversity,AlgoUniversity,http://algouniversity.com/,True,0,https://www.ycombinator.com/companies/algouniversity/jobs/NvJtiyq-ceo-s-office,https://www.ycombinator.com/companies/algouniversity/jobs/NvJtiyq-ceo-s-office,yc_job,yc_job_posting,1.0,,"CEO's Office | Hyderabad, Telangana, India | US citizenship/visa not required",2026-05-06 19:56:34.711509+00:00
24094,algouniversity,AlgoUniversity,http://algouniversity.com/,True,0,https://www.ycombinator.com/companies/algouniversity/jobs/SNErtiB-enterprise-sales-technical-recruitment-associate,https://www.ycombinator.com/companies/algouniversity/jobs/SNErtiB-enterprise-sales-technical-recruitment-associate,yc_job,yc_job_posting,1.0,,"Enterprise Sales & Technical Recruitment Associate | Hyderabad, TS, IN / Hyderabad, Telangana, IN | US citizenship/visa not required",2026-05-06 19:56:34.711509+00:00
24094,algouniversity,AlgoUniversity,http://algouniversity.com/,True,0,https://www.ycombinator.com/companies/algouniversity/jobs/y9dp9E4-problem-setting-intern,https://www.ycombinator.com/companies/algouniversity/jobs/y9dp9E4-problem-setting-intern,yc_job,yc_job_posting,1.0,,"Problem Setting Intern | Hyderabad, Telangana, India / Remote (US) | US citizen/visa only",2026-05-06 19:56:34.711509+00:00
24094,algouniversity,AlgoUniversity,http://algouniversity.com/,True,0,https://www.algouniversity.com/careers/,https://www.algouniversity.com/careers,careers_page,common_path_probe,0.65,200,/careers,2026-05-06 19:56:34.711509+00:00
24229,algoviral,AlgoViral,https://algoviral.com,True,0,https://www.ycombinator.com/companies/algoviral/jobs/8sWhqys-viral-content-creator,https://www.ycombinator.com/companies/algoviral/jobs/8sWhqys-viral-content-creator,yc_job,yc_job_posting,1.0,,Viral Content Creator | Remote | US citizenship/visa not required,2026-05-06 19:56:34.716601+00:00
28844,alguna,Alguna,https://alguna.com,True,0,https://www.ycombinator.com/companies/alguna/jobs/3YZc7AG-account-executive-enterprise,https://www.ycombinator.com/companies/alguna/jobs/3YZc7AG-account-executive-enterprise,yc_job,yc_job_posting,1.0,,Account Executive – Enterprise | US / GB / CA / Remote (US; GB; CA) | US citizenship/visa not required,2026-05-06 19:56:34.945812+00:00
28844,alguna,Alguna,https://alguna.com,True,0,https://www.ycombinator.com/companies/alguna/jobs/95rT32O-business-development-representative-bdr,https://www.ycombinator.com/companies/alguna/jobs/95rT32O-business-development-representative-bdr,yc_job,yc_job_posting,1.0,,Business Development Representative (BDR) | GB / Remote (GB) | US citizenship/visa not required,2026-05-06 19:56:34.945812+00:00
28844,alguna,Alguna,https://alguna.com,True,0,https://www.ycombinator.com/companies/alguna/jobs/jjm4g4h-operations-associate,https://www.ycombinator.com/companies/alguna/jobs/jjm4g4h-operations-associate,yc_job,yc_job_posting,1.0,,Operations Associate | GB / IE / Remote (GB; IE) | US citizenship/visa not required,2026-05-06 19:56:34.945812+00:00
28844,alguna,Alguna,https://alguna.com,True,0,https://www.ycombinator.com/companies/alguna/jobs/mxfto6I-customer-success-manager,https://www.ycombinator.com/companies/alguna/jobs/mxfto6I-customer-success-manager,yc_job,yc_job_posting,1.0,,Customer Success Manager | GB / IE / CA / US / Remote (GB; IE; CA; US) | US citizenship/visa not required,2026-05-06 19:56:34.945812+00:00
28844,alguna,Alguna,https://alguna.com,True,0,https://www.ycombinator.com/companies/alguna/jobs/P4UawoN-sales-development-representative-sdr,https://www.ycombinator.com/companies/alguna/jobs/P4UawoN-sales-development-representative-sdr,yc_job,yc_job_posting,1.0,,Sales Development Representative (SDR) | GB / Remote (GB) | US citizenship/visa not required,2026-05-06 19:56:34.945812+00:00
28844,alguna,Alguna,https://alguna.com,True,0,https://alguna.com/careers,https://alguna.com/careers,careers_page,common_path_probe,0.65,200,/careers,2026-05-06 19:56:34.945812+00:00
22834,alinea,Alinea,https://alinea-invest.com/,True,0,https://www.ycombinator.com/companies/alinea/jobs/2GVRUn2-product-engineer-ios,https://www.ycombinator.com/companies/alinea/jobs/2GVRUn2-product-engineer-ios,yc_job,yc_job_posting,1.0,,"Product Engineer (iOS) | New York, NY, US | Will sponsor",2026-05-06 19:56:34.955006+00:00
22834,alinea,Alinea,https://alinea-invest.com/,True,0,https://www.ycombinator.com/companies/alinea/jobs/pwB8tNL-lead-product-designer,https://www.ycombinator.com/companies/alinea/jobs/pwB8tNL-lead-product-designer,yc_job,yc_job_posting,1.0,,"Lead Product Designer | New York, NY, US / Remote | Will sponsor",2026-05-06 19:56:34.955006+00:00
27840,alloy,Alloy,https://alloy.app,False,0,https://alloy.app/careers,https://alloy.app/careers,careers_page,homepage_link,0.84,200,Careers,2026-05-06 19:56:34.967628+00:00
27840,alloy,Alloy,https://alloy.app,False,0,https://alloy.app/careers,https://alloy.app/careers,careers_page,sitemap,0.78,200,career-like URL in sitemap,2026-05-06 19:56:34.967628+00:00
27840,alloy,Alloy,https://alloy.app,False,0,https://alloy.app/careers/pitch-us-a-role,https://alloy.app/careers/pitch-us-a-role,careers_page,sitemap,0.78,200,career-like URL in sitemap,2026-05-06 19:56:34.967628+00:00
27840,alloy,Alloy,https://alloy.app,False,0,https://alloy.app/careers/software-engineer,https://alloy.app/careers/software-engineer,careers_page,sitemap,0.78,200,career-like URL in sitemap,2026-05-06 19:56:34.967628+00:00
30895,allus-ai,Allus AI,https://allus.ai,True,0,https://www.ycombinator.com/companies/allus-ai/jobs/AcYMVC9-founding-ai-agent-engineer,https://www.ycombinator.com/companies/allus-ai/jobs/AcYMVC9-founding-ai-agent-engineer,yc_job,yc_job_posting,1.0,,"Founding AI Agent Engineer | Cupertino, CA, US / Atlanta, GA, US / Remote (CA, US; GA, US) | Will sponsor",2026-05-06 19:56:35.196790+00:00
30430,almond-2,Almond,https://almond.bot/,False,0,https://almond.bot/careers,https://almond.bot/careers,careers_page,homepage_link,0.84,200,Careers,2026-05-06 19:56:35.204400+00:00
23270,alokai,Alokai,https://www.alokai.com,False,0,https://www.alokai.com/careers,https://www.alokai.com/careers,careers_page,homepage_link,0.84,200,Careers,2026-05-06 19:56:35.208892+00:00
23270,alokai,Alokai,https://www.alokai.com,False,0,https://alokai.com/career/roles,https://alokai.com/career/roles,careers_page,sitemap,0.78,200,career-like URL in sitemap,2026-05-06 19:56:35.208892+00:00
23270,alokai,Alokai,https://www.alokai.com,False,0,https://alokai.com/careers,https://alokai.com/careers,careers_page,sitemap,0.78,200,career-like URL in sitemap,2026-05-06 19:56:35.208892+00:00
12119,alpaca,Alpaca,https://alpaca.markets/,True,0,https://www.ycombinator.com/companies/alpaca/jobs/0UHKXgW-senior-analytics-engineer,https://www.ycombinator.com/companies/alpaca/jobs/0UHKXgW-senior-analytics-engineer,yc_job,yc_job_posting,1.0,,Senior Analytics Engineer | CA / HU / US / JP / BR / Remote (CA; HU; US; JP; BR) | US citizen/visa only,2026-05-06 19:56:35.215065+00:00
12119,alpaca,Alpaca,https://alpaca.markets/,True,0,https://www.ycombinator.com/companies/alpaca/jobs/4f0EVn6-senior-or-staff-software-engineer-identity,https://www.ycombinator.com/companies/alpaca/jobs/4f0EVn6-senior-or-staff-software-engineer-identity,yc_job,yc_job_posting,1.0,,Senior or Staff+ Software Engineer - Identity | CA / US / HU / AR / MX / BR / DE / ES / Remote (CA; US; HU; AR; MX; BR; DE; ES) | US citizen/visa only,2026-05-06 19:56:35.215065+00:00
12119,alpaca,Alpaca,https://alpaca.markets/,True,0,https://www.ycombinator.com/companies/alpaca/jobs/kPjnUBh-senior-or-staff-software-engineer-trading,https://www.ycombinator.com/companies/alpaca/jobs/kPjnUBh-senior-or-staff-software-engineer-trading,yc_job,yc_job_posting,1.0,,Senior or Staff+ Software Engineer - Trading | Global - Remote Anywhere / Remote (US) | US citizen/visa only,2026-05-06 19:56:35.215065+00:00
12119,alpaca,Alpaca,https://alpaca.markets/,True,0,https://www.ycombinator.com/companies/alpaca/jobs/LNrvkWg-senior-staff-software-engineer-ledger-team,https://www.ycombinator.com/companies/alpaca/jobs/LNrvkWg-senior-staff-software-engineer-ledger-team,yc_job,yc_job_posting,1.0,,Senior/Staff+ Software Engineer - Ledger Team | Remote (US) | US citizen/visa only,2026-05-06 19:56:35.215065+00:00
12119,alpaca,Alpaca,https://alpaca.markets/,True,0,https://www.ycombinator.com/companies/alpaca/jobs/yGfCaXS-senior-software-engineer-clearing-securities-finance,https://www.ycombinator.com/companies/alpaca/jobs/yGfCaXS-senior-software-engineer-clearing-securities-finance,yc_job,yc_job_posting,1.0,,Senior Software Engineer - Clearing & Securities Finance | Remote (US) | US citizen/visa only,2026-05-06 19:56:35.215065+00:00
23315,alpas,Alpas,https://alpas.ai/,False,0,https://alpas.ai/career,https://alpas.ai/career,careers_page,sitemap,0.78,200,career-like URL in sitemap,2026-05-06 19:56:35.224495+00:00
23315,alpas,Alpas,https://alpas.ai/,False,0,https://alpas.ai/career/business-development-manager-f-m-d,https://alpas.ai/career/business-development-manager-f-m-d,careers_page,sitemap,0.78,200,career-like URL in sitemap,2026-05-06 19:56:35.224495+00:00
23315,alpas,Alpas,https://alpas.ai/,False,0,https://alpas.ai/career/founders-associate-f-m-d,https://alpas.ai/career/founders-associate-f-m-d,careers_page,sitemap,0.78,200,career-like URL in sitemap,2026-05-06 19:56:35.224495+00:00
23315,alpas,Alpas,https://alpas.ai/,False,0,https://alpas.ai/career/internship-founders-associate,https://alpas.ai/career/internship-founders-associate,careers_page,sitemap,0.78,200,career-like URL in sitemap,2026-05-06 19:56:35.224495+00:00
23315,alpas,Alpas,https://alpas.ai/,False,0,https://alpas.ai/career/senior-backend-engineer-java,https://alpas.ai/career/senior-backend-engineer-java,careers_page,sitemap,0.78,200,career-like URL in sitemap,2026-05-06 19:56:35.224495+00:00
23315,alpas,Alpas,https://alpas.ai/,False,0,https://alpas.ai/career/senior-customer-success-manager-f-m-d,https://alpas.ai/career/senior-customer-success-manager-f-m-d,careers_page,sitemap,0.78,200,career-like URL in sitemap,2026-05-06 19:56:35.224495+00:00
23315,alpas,Alpas,https://alpas.ai/,False,0,https://alpas.ai/career/senior-machine-learning-engineer-f-m-d,https://alpas.ai/career/senior-machine-learning-engineer-f-m-d,careers_page,sitemap,0.78,200,career-like URL in sitemap,2026-05-06 19:56:35.224495+00:00
23315,alpas,Alpas,https://alpas.ai/,False,0,https://alpas.ai/career/senior-software-engineer-f-m-d,https://alpas.ai/career/senior-software-engineer-f-m-d,careers_page,sitemap,0.78,200,career-like URL in sitemap,2026-05-06 19:56:35.224495+00:00
1970,alpha-vantage,Alpha Vantage,https://www.alphavantage.co/,True,0,https://www.ycombinator.com/companies/alpha-vantage/jobs/mddXfsI-gtm-team-various-roles-available,https://www.ycombinator.com/companies/alpha-vantage/jobs/mddXfsI-gtm-team-various-roles-available,yc_job,yc_job_posting,1.0,,"GTM team (Various roles available) | Boston, MA, US | US citizen/visa only",2026-05-06 19:56:35.458021+00:00
1970,alpha-vantage,Alpha Vantage,https://www.alphavantage.co/,True,0,https://www.ycombinator.com/companies/alpha-vantage/jobs/q3F0qLh-growth-manager,https://www.ycombinator.com/companies/alpha-vantage/jobs/q3F0qLh-growth-manager,yc_job,yc_job_posting,1.0,,"Growth Manager | Boston, MA, US / Remote (US) | US citizen/visa only",2026-05-06 19:56:35.458021+00:00
1970,alpha-vantage,Alpha Vantage,https://www.alphavantage.co/,True,0,https://www.alphavantage.co/careers/,https://www.alphavantage.co/careers,careers_page,common_path_probe,0.65,200,/careers,2026-05-06 19:56:35.458021+00:00
26884,alphawatch-ai,Alphawatch AI,https://alphawatch.ai,True,0,https://www.ycombinator.com/companies/alphawatch-ai/jobs/j3zMTL8-founding-backend-engineer-east-asia,https://www.ycombinator.com/companies/alphawatch-ai/jobs/j3zMTL8-founding-backend-engineer-east-asia,yc_job,yc_job_posting,1.0,,Founding Backend Engineer (East Asia) | CN / TW / SG / Remote (CN; TW; SG) | US citizenship/visa not required,2026-05-06 19:56:35.459148+00:00
26769,alt-tex,ALT TEX,https://thealttex.com/,False,0,https://thealttex.com/careers,https://thealttex.com/careers,careers_page,homepage_link,0.84,200,Careers,2026-05-06 19:56:35.476954+00:00
26769,alt-tex,ALT TEX,https://thealttex.com/,False,0,https://thealttex.com/careers,https://thealttex.com/careers,careers_page,sitemap,0.78,200,career-like URL in sitemap,2026-05-06 19:56:35.476954+00:00
