company_id,company_slug,company_name,website,yc_is_hiring,yc_job_count,career_page_url,normalized_url,page_type,discovery_source,confidence,http_status,evidence,is_primary,observed_source_count,checked_at
12286,1910,1910,http://1910.ai,False,0,http://1910.ai/careers,http://1910.ai/careers,careers_page,homepage_link,0.84,200,Careers,True,1,2026-05-06 19:56:30.601744+00:00
941,80-000-hours,"80,000 Hours",http://80000hours.org,False,0,https://80000hours.org/about/work-with-us,https://80000hours.org/about/work-with-us,careers_page,homepage_link,0.84,200,Work with us,True,2,2026-05-06 19:56:31.081933+00:00
31193,9-mothers-corporation,9 Mothers,https://9mothers.com,True,0,https://jobs.ashbyhq.com/9-mothers,https://jobs.ashbyhq.com/9-mothers,ats,homepage_link,0.92,200,view job openings,True,1,2026-05-06 19:56:31.105220+00:00
30223,a0-dev,a0.dev,https://a0.dev,True,0,https://a0.dev/careers,https://a0.dev/careers,careers_page,homepage_link,0.84,200,Careers,True,1,2026-05-06 19:56:31.109411+00:00
22579,abacum,Abacum,https://www.abacum.ai/,True,0,https://www.abacum.ai/company/careers,https://www.abacum.ai/company/careers,careers_page,sitemap,0.78,200,career-like URL in sitemap,True,1,2026-05-06 19:56:31.119319+00:00
13081,abalone-bio,Abalone Bio,https://www.abalonebio.com,False,0,https://www.abalonebio.com/careers,https://www.abalonebio.com/careers,careers_page,homepage_link,0.84,200,Careers,True,2,2026-05-06 19:56:31.346512+00:00
13081,abalone-bio,Abalone Bio,https://www.abalonebio.com,False,0,https://www.abalonebio.com/careers/ab2025-101,https://www.abalonebio.com/careers/ab2025-101,careers_page,sitemap,0.78,200,career-like URL in sitemap,False,1,2026-05-06 19:56:31.346512+00:00
24726,abatable,Abatable,https://www.abatable.com,False,0,https://abatable.com/careers,https://abatable.com/careers,careers_page,homepage_link,0.84,200,Careers,True,2,2026-05-06 19:56:31.350621+00:00
29558,abel-police,Abel Police,http://abelpolice.com,False,0,https://abelpolice.com/careers,https://abelpolice.com/careers,careers_page,sitemap,0.78,200,career-like URL in sitemap,True,1,2026-05-06 19:56:31.361707+00:00
29558,abel-police,Abel Police,http://abelpolice.com,False,0,https://abelpolice.com/careers/senior-engineer,https://abelpolice.com/careers/senior-engineer,careers_page,sitemap,0.78,200,career-like URL in sitemap,False,1,2026-05-06 19:56:31.361707+00:00
24685,abhi,Abhi,https://abhi.com.pk/,False,0,https://abhi.com.pk/job-openings,https://abhi.com.pk/job-openings,careers_page,homepage_link,0.84,200,Career,True,1,2026-05-06 19:56:31.363329+00:00
30958,absurd,Absurd,https://absurd.com/,False,0,https://absurd.com/careers,https://absurd.com/careers,careers_page,sitemap,0.78,200,career-like URL in sitemap,True,1,2026-05-06 19:56:31.380684+00:00
12242,acciojob,AccioJob,http://www.acciojob.com,False,0,https://acciojob.com/jobs,https://acciojob.com/jobs,careers_page,sitemap,0.78,200,career-like URL in sitemap,True,1,2026-05-06 19:56:31.611325+00:00
1575,aclu,ACLU,https://www.aclu.org/,False,0,https://www.aclu.org/careers,https://www.aclu.org/careers,careers_page,homepage_link,0.84,200,Careers Full-time positions and internships,True,1,2026-05-06 19:56:31.632967+00:00
143,acunote,Acunote,http://acunote.com,False,0,http://acunote.com/jobs,http://acunote.com/jobs,careers_page,homepage_link,0.84,200,Jobs,True,1,2026-05-06 19:56:31.901895+00:00
30234,adam,Adam,https://adam.new/,True,0,https://adam.new/careers,https://adam.new/careers,careers_page,homepage_link,0.84,200,Careers,True,2,2026-05-06 19:56:31.903720+00:00
24505,adaptyv,Adaptyv,https://www.adaptyvbio.com/,True,0,https://www.adaptyvbio.com/careers,https://www.adaptyvbio.com/careers,careers_page,homepage_link,0.84,200,Careers,True,1,2026-05-06 19:56:31.913054+00:00
13141,aden,Aden,https://adenhq.com/,True,0,https://adenhq.com/careers,https://adenhq.com/careers,careers_page,homepage_link,0.84,200,Join Us,True,2,2026-05-06 19:56:32.127078+00:00
1621,advano,Advano,http://www.advano.io,False,0,http://www.advano.io/careers,http://www.advano.io/careers,careers_page,homepage_link,0.84,200,Careers,True,1,2026-05-06 19:56:32.156782+00:00
13413,adyn,adyn,https://adyn.com,True,0,https://adyn.com/careers,https://adyn.com/careers,careers_page,homepage_link,0.84,200,Careers,True,2,2026-05-06 19:56:32.381259+00:00
13413,adyn,adyn,https://adyn.com,True,0,https://adyn.com/careers/back-end-engineer,https://adyn.com/careers/back-end-engineer,careers_page,sitemap,0.78,200,career-like URL in sitemap,False,1,2026-05-06 19:56:32.381259+00:00
13413,adyn,adyn,https://adyn.com,True,0,https://adyn.com/careers/digital-storytelling-intern,https://adyn.com/careers/digital-storytelling-intern,careers_page,sitemap,0.78,200,career-like URL in sitemap,False,1,2026-05-06 19:56:32.381259+00:00
1503,aella,Aella,http://www.aellaapp.com,False,0,http://www.aellaapp.com/career,http://www.aellaapp.com/career,careers_page,homepage_link,0.84,200,Careers,True,1,2026-05-06 19:56:32.390588+00:00
1875,aerones,Aerones,http://www.aerones.com,False,0,https://aerones.com/company-2/careers,https://aerones.com/company-2/careers,careers_page,homepage_link,0.84,200,Careers,True,1,2026-05-06 19:56:32.607167+00:00
22152,afriex,Afriex,https://www.afriexapp.com,True,0,https://www.afriexapp.com/careers,https://www.afriexapp.com/careers,careers_page,homepage_link,0.84,200,Careers,True,1,2026-05-06 19:56:32.637057+00:00
22152,afriex,Afriex,https://www.afriexapp.com,True,0,https://www.afriex.com/careers,https://www.afriex.com/careers,careers_page,sitemap,0.78,200,career-like URL in sitemap,False,1,2026-05-06 19:56:32.637057+00:00
30303,afterquery,AfterQuery,https://afterquery.com,True,0,https://afterquery.com/careers,https://afterquery.com/careers,careers_page,homepage_link,0.84,200,Careers,True,2,2026-05-06 19:56:32.859884+00:00
25273,agave,Agave,https://www.useagave.com,True,0,https://www.useagave.com/careers,https://www.useagave.com/careers,careers_page,homepage_link,0.84,200,Careers,True,2,2026-05-06 19:56:32.867226+00:00
25696,agency,Agency,https://GetAgency.com,True,0,https://getagency.com/careers,https://getagency.com/careers,careers_page,sitemap,0.78,200,career-like URL in sitemap,True,1,2026-05-06 19:56:32.873627+00:00
30278,agentin-ai,Agentin AI,https://www.agentin.ai,False,0,https://agentin.ai/careers,https://agentin.ai/careers,careers_page,sitemap,0.78,200,career-like URL in sitemap,True,1,2026-05-06 19:56:32.892312+00:00
30611,agentmail,AgentMail,https://agentmail.to,True,0,https://www.agentmail.to/careers,https://www.agentmail.to/careers,careers_page,sitemap,0.78,200,career-like URL in sitemap,True,1,2026-05-06 19:56:33.109874+00:00
90,agilemd,AgileMD,https://agilemd.com,True,0,https://app.dover.com/jobs/agilemd,https://app.dover.com/jobs/agilemd,ats,homepage_link,0.92,200,Careers,True,1,2026-05-06 19:56:33.122350+00:00
27086,aiprise,AiPrise,https://aiprise.com/,True,0,https://jobs.ashbyhq.com/aiprise,https://jobs.ashbyhq.com/aiprise,ats,homepage_link,0.92,200,Careers,True,1,2026-05-06 19:56:33.380609+00:00
13549,airbyte,Airbyte,https://airbyte.com/,False,0,https://airbyte.com/company/careers,https://airbyte.com/company/careers,careers_page,homepage_link,0.84,200,Careers,True,2,2026-05-06 19:56:33.394755+00:00
1274,airfordable,Airfordable,http://www.airfordable.com,False,0,http://www.airfordable.com/careers,http://www.airfordable.com/careers,careers_page,homepage_link,0.84,200,Careers,True,1,2026-05-06 19:56:33.429014+00:00
1274,airfordable,Airfordable,http://www.airfordable.com,False,0,https://v2.airfordable.com/careers,https://v2.airfordable.com/careers,careers_page,sitemap,0.78,200,career-like URL in sitemap,False,1,2026-05-06 19:56:33.429014+00:00
26880,airhart-aeronautics,Airhart Aeronautics,https://www.airhartaero.com/,True,0,https://airhartaero.com/careers,https://airhartaero.com/careers,careers_page,sitemap,0.78,200,career-like URL in sitemap,True,1,2026-05-06 19:56:33.642901+00:00
30549,airweave,Airweave,https://airweave.ai,True,0,https://airweave.ai/careers,https://airweave.ai/careers,careers_page,homepage_link,0.84,200,CAREERS,True,2,2026-05-06 19:56:33.888405+00:00
748,akido-labs,Akido Labs,http://akidolabs.com,False,0,https://www.akidolabs.com/careers,https://www.akidolabs.com/careers,careers_page,sitemap,0.78,200,career-like URL in sitemap,True,1,2026-05-06 19:56:33.920850+00:00
22077,akiflow,Akiflow,https://akiflow.com,False,0,https://akiflow.com/careers,https://akiflow.com/careers,careers_page,sitemap,0.78,200,career-like URL in sitemap,True,1,2026-05-06 19:56:33.922117+00:00
22077,akiflow,Akiflow,https://akiflow.com,False,0,https://akiflow.com/careers/full-stack-developer,https://akiflow.com/careers/full-stack-developer,careers_page,sitemap,0.78,200,career-like URL in sitemap,False,1,2026-05-06 19:56:33.922117+00:00
27968,alaan,Alaan,https://www.alaan.com/,True,0,https://www.alaan.com/careers,https://www.alaan.com/careers,careers_page,homepage_link,0.84,200,Careers Explore exciting opportunities to join our team.,True,2,2026-05-06 19:56:34.152216+00:00
27968,alaan,Alaan,https://www.alaan.com/,True,0,https://www.alaan.com/ar-ae/careers,https://www.alaan.com/ar-ae/careers,careers_page,sitemap,0.78,200,career-like URL in sitemap,False,1,2026-05-06 19:56:34.152216+00:00
30704,albacore-inc,Albacore Inc.,https://www.albacore.inc,False,0,https://www.albacore.inc/careers,https://www.albacore.inc/careers,careers_page,homepage_link,0.84,200,Careers,True,1,2026-05-06 19:56:34.174618+00:00
22630,alba-orbital,Alba Orbital,https://www.albaorbital.com,False,0,https://www.albaorbital.com/careers,https://www.albaorbital.com/careers,careers_page,homepage_link,0.84,200,Careers,True,2,2026-05-06 19:56:34.177334+00:00
691,alchemy,Alchemy,http://www.alchemynano.com,False,0,http://www.alchemynano.com/careers,http://www.alchemynano.com/careers,careers_page,homepage_link,0.84,200,Careers at Alchemy View currently open positions at Alchemy.,True,2,2026-05-06 19:56:34.402785+00:00
691,alchemy,Alchemy,http://www.alchemynano.com,False,0,https://www.alchemynano.com/jobs/director-of-marketing,https://www.alchemynano.com/jobs/director-of-marketing,jobs_page,sitemap,0.78,200,career-like URL in sitemap,False,1,2026-05-06 19:56:34.402785+00:00
691,alchemy,Alchemy,http://www.alchemynano.com,False,0,https://www.alchemynano.com/jobs/logistics-assembly-supervisor,https://www.alchemynano.com/jobs/logistics-assembly-supervisor,jobs_page,sitemap,0.78,200,career-like URL in sitemap,False,1,2026-05-06 19:56:34.402785+00:00
1509,alemhealth,AlemHealth,https://www.alemhealth.com,True,0,https://www.alemhealth.com/careers,https://www.alemhealth.com/careers,careers_page,homepage_link,0.84,200,Careers,True,2,2026-05-06 19:56:34.404668+00:00
1509,alemhealth,AlemHealth,https://www.alemhealth.com,True,0,https://www.alemhealth.com/fr/careers,https://www.alemhealth.com/fr/careers,careers_page,sitemap,0.78,200,career-like URL in sitemap,False,1,2026-05-06 19:56:34.404668+00:00
24428,aleph,Aleph,https://getaleph.com/,True,0,https://getaleph.com/careers,https://getaleph.com/careers,careers_page,homepage_link,0.84,200,Careers Hiring! Explore open roles for shaping the future of FP&A,True,2,2026-05-06 19:56:34.409558+00:00
29263,alex-com,Alex,https://alex.com,True,0,https://alex.com/careers,https://alex.com/careers,careers_page,homepage_link,0.84,200,Careers Discover open roles at Alex,True,2,2026-05-06 19:56:34.439859+00:00
636,algolia,Algolia,http://www.algolia.com,True,0,http://www.algolia.com/careers,http://www.algolia.com/careers,careers_page,homepage_link,0.84,200,Careers,True,1,2026-05-06 19:56:34.682989+00:00
636,algolia,Algolia,http://www.algolia.com,True,0,https://www.algolia.com/careers/benefits,https://www.algolia.com/careers/benefits,careers_page,sitemap,0.78,200,career-like URL in sitemap,False,1,2026-05-06 19:56:34.682989+00:00
636,algolia,Algolia,http://www.algolia.com,True,0,https://www.algolia.com/de/careers,https://www.algolia.com/de/careers,careers_page,sitemap,0.78,200,career-like URL in sitemap,False,1,2026-05-06 19:56:34.682989+00:00
24094,algouniversity,AlgoUniversity,http://algouniversity.com/,True,0,https://www.algouniversity.com/careers/,https://www.algouniversity.com/careers,careers_page,common_path_probe,0.65,200,/careers,True,1,2026-05-06 19:56:34.711509+00:00
28844,alguna,Alguna,https://alguna.com,True,0,https://alguna.com/careers,https://alguna.com/careers,careers_page,common_path_probe,0.65,200,/careers,True,1,2026-05-06 19:56:34.945812+00:00
27840,alloy,Alloy,https://alloy.app,False,0,https://alloy.app/careers,https://alloy.app/careers,careers_page,homepage_link,0.84,200,Careers,True,2,2026-05-06 19:56:34.967628+00:00
27840,alloy,Alloy,https://alloy.app,False,0,https://alloy.app/careers/pitch-us-a-role,https://alloy.app/careers/pitch-us-a-role,careers_page,sitemap,0.78,200,career-like URL in sitemap,False,1,2026-05-06 19:56:34.967628+00:00
27840,alloy,Alloy,https://alloy.app,False,0,https://alloy.app/careers/software-engineer,https://alloy.app/careers/software-engineer,careers_page,sitemap,0.78,200,career-like URL in sitemap,False,1,2026-05-06 19:56:34.967628+00:00
30430,almond-2,Almond,https://almond.bot/,False,0,https://almond.bot/careers,https://almond.bot/careers,careers_page,homepage_link,0.84,200,Careers,True,1,2026-05-06 19:56:35.204400+00:00
23270,alokai,Alokai,https://www.alokai.com,False,0,https://www.alokai.com/careers,https://www.alokai.com/careers,careers_page,homepage_link,0.84,200,Careers,True,2,2026-05-06 19:56:35.208892+00:00
23270,alokai,Alokai,https://www.alokai.com,False,0,https://alokai.com/career/roles,https://alokai.com/career/roles,careers_page,sitemap,0.78,200,career-like URL in sitemap,False,1,2026-05-06 19:56:35.208892+00:00
23315,alpas,Alpas,https://alpas.ai/,False,0,https://alpas.ai/career,https://alpas.ai/career,careers_page,sitemap,0.78,200,career-like URL in sitemap,True,1,2026-05-06 19:56:35.224495+00:00
23315,alpas,Alpas,https://alpas.ai/,False,0,https://alpas.ai/career/business-development-manager-f-m-d,https://alpas.ai/career/business-development-manager-f-m-d,careers_page,sitemap,0.78,200,career-like URL in sitemap,False,1,2026-05-06 19:56:35.224495+00:00
23315,alpas,Alpas,https://alpas.ai/,False,0,https://alpas.ai/career/founders-associate-f-m-d,https://alpas.ai/career/founders-associate-f-m-d,careers_page,sitemap,0.78,200,career-like URL in sitemap,False,1,2026-05-06 19:56:35.224495+00:00
23315,alpas,Alpas,https://alpas.ai/,False,0,https://alpas.ai/career/internship-founders-associate,https://alpas.ai/career/internship-founders-associate,careers_page,sitemap,0.78,200,career-like URL in sitemap,False,1,2026-05-06 19:56:35.224495+00:00
23315,alpas,Alpas,https://alpas.ai/,False,0,https://alpas.ai/career/senior-backend-engineer-java,https://alpas.ai/career/senior-backend-engineer-java,careers_page,sitemap,0.78,200,career-like URL in sitemap,False,1,2026-05-06 19:56:35.224495+00:00
23315,alpas,Alpas,https://alpas.ai/,False,0,https://alpas.ai/career/senior-customer-success-manager-f-m-d,https://alpas.ai/career/senior-customer-success-manager-f-m-d,careers_page,sitemap,0.78,200,career-like URL in sitemap,False,1,2026-05-06 19:56:35.224495+00:00
23315,alpas,Alpas,https://alpas.ai/,False,0,https://alpas.ai/career/senior-machine-learning-engineer-f-m-d,https://alpas.ai/career/senior-machine-learning-engineer-f-m-d,careers_page,sitemap,0.78,200,career-like URL in sitemap,False,1,2026-05-06 19:56:35.224495+00:00
23315,alpas,Alpas,https://alpas.ai/,False,0,https://alpas.ai/career/senior-software-engineer-f-m-d,https://alpas.ai/career/senior-software-engineer-f-m-d,careers_page,sitemap,0.78,200,career-like URL in sitemap,False,1,2026-05-06 19:56:35.224495+00:00
1970,alpha-vantage,Alpha Vantage,https://www.alphavantage.co/,True,0,https://www.alphavantage.co/careers/,https://www.alphavantage.co/careers,careers_page,common_path_probe,0.65,200,/careers,True,1,2026-05-06 19:56:35.458021+00:00
26769,alt-tex,ALT TEX,https://thealttex.com/,False,0,https://thealttex.com/careers,https://thealttex.com/careers,careers_page,homepage_link,0.84,200,Careers,True,2,2026-05-06 19:56:35.476954+00:00
