company_slug,company_name,url,page_kind,confidence,job_title,job_count,role_titles,http_status,parser_name,parser_version,classified_at,evidence
alpas,Alpas,https://alpas.ai/career/senior-software-engineer-f-m-d/,job_detail,0.86,(Senior) Software Engineer,4,"[""(Senior) Software Engineer"", ""Senior Software Engineer F M D"", ""Software Engineer"", ""Software Developer""]",200,deterministic_page_classifier,2026-05-07,2026-05-06 19:58:27.846745+00:00,"{""career_marker_hits"": 1, ""detail_marker_hits"": 3, ""domain"": ""alpas.ai"", ""generic_path"": false, ""is_ats"": false, ""listing_marker_hits"": 0, ""path"": ""/career/senior-software-engineer-f-m-d/"", ""role_like_path"": true, ""role_titles"": [""(Senior) Software Engineer"", ""Senior Software Engineer F M D"", ""Software Engineer"", ""Software Developer""], ""title"": ""(Senior) Software Engineer - Python (f/m/d) - Alpas"", ""url_kind"": ""careers_page""}"
alpas,Alpas,https://alpas.ai/career/senior-machine-learning-engineer-f-m-d/,job_detail,0.86,Senior Machine Learning Engineer (f/m/d),5,"[""Senior Machine Learning Engineer (f/m/d)"", ""Senior Machine Learning Engineer F M D"", ""Senior Machine Learning Engineer"", ""Software Engineer"", ""Backend Engineer""]",200,deterministic_page_classifier,2026-05-07,2026-05-06 19:58:27.846033+00:00,"{""career_marker_hits"": 1, ""detail_marker_hits"": 3, ""domain"": ""alpas.ai"", ""generic_path"": false, ""is_ats"": false, ""listing_marker_hits"": 0, ""path"": ""/career/senior-machine-learning-engineer-f-m-d/"", ""role_like_path"": true, ""role_titles"": [""Senior Machine Learning Engineer (f/m/d)"", ""Senior Machine Learning Engineer F M D"", ""Senior Machine Learning Engineer"", ""Software Engineer"", ""Backend Engineer""], ""title"": ""Senior Machine Learning Engineer (f/m/d) - Alpas"", ""url_kind"": ""careers_page""}"
alpas,Alpas,https://alpas.ai/career/senior-customer-success-manager-f-m-d/,job_detail,0.86,(Senior) Customer Success Manager (f/m/d),2,"[""(Senior) Customer Success Manager (f/m/d)"", ""Senior Customer Success Manager F M D""]",200,deterministic_page_classifier,2026-05-07,2026-05-06 19:58:27.845219+00:00,"{""career_marker_hits"": 1, ""detail_marker_hits"": 2, ""domain"": ""alpas.ai"", ""generic_path"": false, ""is_ats"": false, ""listing_marker_hits"": 0, ""path"": ""/career/senior-customer-success-manager-f-m-d/"", ""role_like_path"": true, ""role_titles"": [""(Senior) Customer Success Manager (f/m/d)"", ""Senior Customer Success Manager F M D""], ""title"": ""(Senior) Customer Success Manager (f/m/d) - Alpas"", ""url_kind"": ""careers_page""}"
alpas,Alpas,https://alpas.ai/career/senior-backend-engineer-java/,job_detail,0.86,(Senior) Backend Engineer,3,"[""(Senior) Backend Engineer"", ""Senior Backend Engineer Java"", ""Backend Engineer""]",200,deterministic_page_classifier,2026-05-07,2026-05-06 19:58:27.844489+00:00,"{""career_marker_hits"": 1, ""detail_marker_hits"": 3, ""domain"": ""alpas.ai"", ""generic_path"": false, ""is_ats"": false, ""listing_marker_hits"": 0, ""path"": ""/career/senior-backend-engineer-java/"", ""role_like_path"": true, ""role_titles"": [""(Senior) Backend Engineer"", ""Senior Backend Engineer Java"", ""Backend Engineer""], ""title"": ""(Senior) Backend Engineer - Java (f/m/d) - Alpas"", ""url_kind"": ""careers_page""}"
alpas,Alpas,https://alpas.ai/career/internship-founders-associate/,career_home,0.74,,0,[],200,deterministic_page_classifier,2026-05-07,2026-05-06 19:58:27.843918+00:00,"{""career_marker_hits"": 1, ""detail_marker_hits"": 3, ""domain"": ""alpas.ai"", ""generic_path"": false, ""is_ats"": false, ""listing_marker_hits"": 0, ""path"": ""/career/internship-founders-associate/"", ""role_like_path"": false, ""role_titles"": [], ""title"": ""Internship: Founder\u2019s Associate - Alpas"", ""url_kind"": ""careers_page""}"
alpas,Alpas,https://alpas.ai/career/founders-associate-f-m-d/,career_home,0.74,,0,[],200,deterministic_page_classifier,2026-05-07,2026-05-06 19:58:27.843341+00:00,"{""career_marker_hits"": 1, ""detail_marker_hits"": 2, ""domain"": ""alpas.ai"", ""generic_path"": false, ""is_ats"": false, ""listing_marker_hits"": 0, ""path"": ""/career/founders-associate-f-m-d/"", ""role_like_path"": false, ""role_titles"": [], ""title"": ""Founders\u2019 Associate (f/m/d) - Alpas"", ""url_kind"": ""careers_page""}"
alpas,Alpas,https://alpas.ai/career/business-development-manager-f-m-d/,job_detail,0.86,Account Executive (f/m/d),2,"[""Account Executive (f/m/d)"", ""Business Development Manager F M D""]",200,deterministic_page_classifier,2026-05-07,2026-05-06 19:58:27.842691+00:00,"{""career_marker_hits"": 1, ""detail_marker_hits"": 3, ""domain"": ""alpas.ai"", ""generic_path"": false, ""is_ats"": false, ""listing_marker_hits"": 0, ""path"": ""/career/business-development-manager-f-m-d/"", ""role_like_path"": true, ""role_titles"": [""Account Executive (f/m/d)"", ""Business Development Manager F M D""], ""title"": ""Account Executive (f/m/d) - Alpas"", ""url_kind"": ""careers_page""}"
alokai,Alokai,https://alokai.com/career/roles,career_home,0.74,,0,[],200,deterministic_page_classifier,2026-05-07,2026-05-06 19:58:27.842138+00:00,"{""career_marker_hits"": 1, ""detail_marker_hits"": 0, ""domain"": ""alokai.com"", ""generic_path"": false, ""is_ats"": false, ""listing_marker_hits"": 0, ""path"": ""/career/roles"", ""role_like_path"": false, ""role_titles"": [], ""title"": ""Career Opportunity | Alokai"", ""url_kind"": ""careers_page""}"
alloy,Alloy,https://alloy.app/careers/software-engineer,job_detail,0.86,Software Engineer,1,"[""Software Engineer""]",200,deterministic_page_classifier,2026-05-07,2026-05-06 19:58:27.841608+00:00,"{""career_marker_hits"": 1, ""detail_marker_hits"": 2, ""domain"": ""alloy.app"", ""generic_path"": false, ""is_ats"": false, ""listing_marker_hits"": 0, ""path"": ""/careers/software-engineer"", ""role_like_path"": true, ""role_titles"": [""Software Engineer""], ""title"": ""Software Engineer | Careers at Alloy"", ""url_kind"": ""careers_page""}"
alloy,Alloy,https://alloy.app/careers/pitch-us-a-role,career_home,0.74,,0,[],200,deterministic_page_classifier,2026-05-07,2026-05-06 19:58:27.841184+00:00,"{""career_marker_hits"": 2, ""detail_marker_hits"": 2, ""domain"": ""alloy.app"", ""generic_path"": false, ""is_ats"": false, ""listing_marker_hits"": 1, ""path"": ""/careers/pitch-us-a-role"", ""role_like_path"": false, ""role_titles"": [], ""title"": ""Pitch us a role | Careers at Alloy"", ""url_kind"": ""careers_page""}"
algolia,Algolia,https://www.algolia.com/de/careers,career_home,0.74,,0,[],200,deterministic_page_classifier,2026-05-07,2026-05-06 19:58:27.839050+00:00,"{""career_marker_hits"": 1, ""detail_marker_hits"": 0, ""domain"": ""algolia.com"", ""generic_path"": true, ""is_ats"": false, ""listing_marker_hits"": 0, ""path"": ""/de/careers"", ""role_like_path"": false, ""role_titles"": [], ""title"": ""Karriere"", ""url_kind"": ""careers_page""}"
algolia,Algolia,https://www.algolia.com/careers/benefits,career_home,0.74,,0,[],200,deterministic_page_classifier,2026-05-07,2026-05-06 19:58:27.837311+00:00,"{""career_marker_hits"": 1, ""detail_marker_hits"": 0, ""domain"": ""algolia.com"", ""generic_path"": false, ""is_ats"": false, ""listing_marker_hits"": 0, ""path"": ""/careers/benefits"", ""role_like_path"": false, ""role_titles"": [], ""title"": ""Benefits"", ""url_kind"": ""careers_page""}"
alemhealth,AlemHealth,https://www.alemhealth.com/fr/careers,job_listing,0.84,,0,[],200,deterministic_page_classifier,2026-05-07,2026-05-06 19:58:27.836631+00:00,"{""career_marker_hits"": 1, ""detail_marker_hits"": 0, ""domain"": ""alemhealth.com"", ""generic_path"": true, ""is_ats"": false, ""listing_marker_hits"": 1, ""path"": ""/fr/careers"", ""role_like_path"": false, ""role_titles"": [], ""title"": ""Join AlemHealth: Open Positions for Healthcare Innovators"", ""url_kind"": ""careers_page""}"
alchemy,Alchemy,https://www.alchemynano.com/jobs/logistics-assembly-supervisor,career_home,0.74,,0,[],200,deterministic_page_classifier,2026-05-07,2026-05-06 19:58:27.835886+00:00,"{""career_marker_hits"": 3, ""detail_marker_hits"": 4, ""domain"": ""alchemynano.com"", ""generic_path"": false, ""is_ats"": false, ""listing_marker_hits"": 1, ""path"": ""/jobs/logistics-assembly-supervisor"", ""role_like_path"": false, ""role_titles"": [], ""title"": ""Panels - Webflow HTML Website Template"", ""url_kind"": ""jobs_page""}"
alchemy,Alchemy,https://www.alchemynano.com/jobs/director-of-marketing,career_home,0.74,,0,[],200,deterministic_page_classifier,2026-05-07,2026-05-06 19:58:27.835274+00:00,"{""career_marker_hits"": 2, ""detail_marker_hits"": 4, ""domain"": ""alchemynano.com"", ""generic_path"": false, ""is_ats"": false, ""listing_marker_hits"": 1, ""path"": ""/jobs/director-of-marketing"", ""role_like_path"": false, ""role_titles"": [], ""title"": ""Panels - Webflow HTML Website Template"", ""url_kind"": ""jobs_page""}"
alaan,Alaan,https://www.alaan.com/ar-ae/careers,career_home,0.74,,0,[],200,deterministic_page_classifier,2026-05-07,2026-05-06 19:58:27.833351+00:00,"{""career_marker_hits"": 2, ""detail_marker_hits"": 0, ""domain"": ""alaan.com"", ""generic_path"": true, ""is_ats"": false, ""listing_marker_hits"": 0, ""path"": ""/ar-ae/careers"", ""role_like_path"": false, ""role_titles"": [], ""title"": ""Join Our Team: Explore Careers at Alaan"", ""url_kind"": ""careers_page""}"
akiflow,Akiflow,https://akiflow.com/careers/full-stack-developer,job_detail,0.86,Full Stack Developer/Growth Engineer @ Akiflow,2,"[""Full Stack Developer/Growth Engineer @ Akiflow"", ""Full Stack Developer""]",200,deterministic_page_classifier,2026-05-07,2026-05-06 19:58:27.831041+00:00,"{""career_marker_hits"": 0, ""detail_marker_hits"": 1, ""domain"": ""akiflow.com"", ""generic_path"": false, ""is_ats"": false, ""listing_marker_hits"": 0, ""path"": ""/careers/full-stack-developer"", ""role_like_path"": true, ""role_titles"": [""Full Stack Developer/Growth Engineer @ Akiflow"", ""Full Stack Developer""], ""title"": ""Full Stack Developer/Growth Engineer @ Akiflow"", ""url_kind"": ""careers_page""}"
airfordable,Airfordable,https://v2.airfordable.com/careers/,job_listing,0.84,,0,[],200,deterministic_page_classifier,2026-05-07,2026-05-06 19:58:27.830231+00:00,"{""career_marker_hits"": 5, ""detail_marker_hits"": 0, ""domain"": ""v2.airfordable.com"", ""generic_path"": true, ""is_ats"": false, ""listing_marker_hits"": 2, ""path"": ""/careers/"", ""role_like_path"": false, ""role_titles"": [], ""title"": ""A home to make travel possible for all | Airfordable"", ""url_kind"": ""careers_page""}"
afriex,Afriex,https://www.afriex.com/careers,job_listing,0.84,,0,[],200,deterministic_page_classifier,2026-05-07,2026-05-06 19:58:27.827926+00:00,"{""career_marker_hits"": 2, ""detail_marker_hits"": 5, ""domain"": ""afriex.com"", ""generic_path"": true, ""is_ats"": false, ""listing_marker_hits"": 1, ""path"": ""/careers"", ""role_like_path"": false, ""role_titles"": [], ""title"": ""Careers | Afriex Money Transfer App"", ""url_kind"": ""careers_page""}"
adyn,adyn,https://adyn.com/careers/digital-storytelling-intern/,career_home,0.74,,0,[],200,deterministic_page_classifier,2026-05-07,2026-05-06 19:58:27.826602+00:00,"{""career_marker_hits"": 1, ""detail_marker_hits"": 4, ""domain"": ""adyn.com"", ""generic_path"": false, ""is_ats"": false, ""listing_marker_hits"": 0, ""path"": ""/careers/digital-storytelling-intern/"", ""role_like_path"": false, ""role_titles"": [], ""title"": ""Digital Storytelling Intern | adyn"", ""url_kind"": ""careers_page""}"
adyn,adyn,https://adyn.com/careers/back-end-engineer/,job_detail,0.86,Back End Engineer,1,"[""Back End Engineer""]",200,deterministic_page_classifier,2026-05-07,2026-05-06 19:58:27.825448+00:00,"{""career_marker_hits"": 1, ""detail_marker_hits"": 4, ""domain"": ""adyn.com"", ""generic_path"": false, ""is_ats"": false, ""listing_marker_hits"": 0, ""path"": ""/careers/back-end-engineer/"", ""role_like_path"": true, ""role_titles"": [""Back End Engineer""], ""title"": ""Back End Engineer | adyn"", ""url_kind"": ""careers_page""}"
abel-police,Abel Police,https://abelpolice.com/careers/senior-engineer,job_detail,0.86,Senior Engineer,1,"[""Senior Engineer""]",200,deterministic_page_classifier,2026-05-07,2026-05-06 19:58:27.824745+00:00,"{""career_marker_hits"": 2, ""detail_marker_hits"": 2, ""domain"": ""abelpolice.com"", ""generic_path"": false, ""is_ats"": false, ""listing_marker_hits"": 0, ""path"": ""/careers/senior-engineer"", ""role_like_path"": true, ""role_titles"": [""Senior Engineer""], ""title"": ""Senior Engineer - Abel Police"", ""url_kind"": ""careers_page""}"
abalone-bio,Abalone Bio,https://www.abalonebio.com/careers/ab2025-101,career_home,0.74,,0,[],200,deterministic_page_classifier,2026-05-07,2026-05-06 19:58:27.824009+00:00,"{""career_marker_hits"": 1, ""detail_marker_hits"": 3, ""domain"": ""abalonebio.com"", ""generic_path"": false, ""is_ats"": false, ""listing_marker_hits"": 0, ""path"": ""/careers/ab2025-101"", ""role_like_path"": false, ""role_titles"": [], ""title"": ""Abalone Bio"", ""url_kind"": ""careers_page""}"
alpha-vantage,Alpha Vantage,https://www.alphavantage.co/careers,fetch_error,0.98,,0,[],,deterministic_page_classifier,2026-05-07,2026-05-06 19:58:27.823971+00:00,"{""career_marker_hits"": 0, ""detail_marker_hits"": 0, ""domain"": ""alphavantage.co"", ""generic_path"": true, ""is_ats"": false, ""listing_marker_hits"": 0, ""path"": ""/careers"", ""role_like_path"": false, ""role_titles"": [], ""title"": """", ""url_kind"": ""careers_page""}"
alguna,Alguna,https://alguna.com/careers,career_home,0.74,,1,"[""Product Engineer""]",200,deterministic_page_classifier,2026-05-07,2026-05-06 19:58:27.823520+00:00,"{""career_marker_hits"": 1, ""detail_marker_hits"": 0, ""domain"": ""alguna.com"", ""generic_path"": true, ""is_ats"": false, ""listing_marker_hits"": 0, ""path"": ""/careers"", ""role_like_path"": false, ""role_titles"": [""Product Engineer""], ""title"": ""Alguna: Join the Team | Product Engineer | Remote"", ""url_kind"": ""careers_page""}"
algouniversity,AlgoUniversity,https://www.algouniversity.com/careers/,job_listing,0.84,,3,"[""Software Developer"", ""Software Engineer"", ""Product Designer""]",200,deterministic_page_classifier,2026-05-07,2026-05-06 19:58:27.820522+00:00,"{""career_marker_hits"": 3, ""detail_marker_hits"": 4, ""domain"": ""algouniversity.com"", ""generic_path"": true, ""is_ats"": false, ""listing_marker_hits"": 1, ""path"": ""/careers/"", ""role_like_path"": false, ""role_titles"": [""Software Developer"", ""Software Engineer"", ""Product Designer""], ""title"": ""AlgoUniversity | Careers"", ""url_kind"": ""careers_page""}"
alpas,Alpas,https://alpas.ai/career/,career_home,0.74,,0,[],200,deterministic_page_classifier,2026-05-07,2026-05-06 19:58:27.820406+00:00,"{""career_marker_hits"": 0, ""detail_marker_hits"": 0, ""domain"": ""alpas.ai"", ""generic_path"": true, ""is_ats"": false, ""listing_marker_hits"": 0, ""path"": ""/career/"", ""role_like_path"": false, ""role_titles"": [], ""title"": ""Career Archive - Alpas"", ""url_kind"": ""careers_page""}"
akiflow,Akiflow,https://akiflow.com/careers,career_home,0.74,,0,[],200,deterministic_page_classifier,2026-05-07,2026-05-06 19:58:27.818527+00:00,"{""career_marker_hits"": 1, ""detail_marker_hits"": 0, ""domain"": ""akiflow.com"", ""generic_path"": true, ""is_ats"": false, ""listing_marker_hits"": 0, ""path"": ""/careers"", ""role_like_path"": false, ""role_titles"": [], ""title"": ""Careers - Akiflow"", ""url_kind"": ""careers_page""}"
akido-labs,Akido Labs,https://www.akidolabs.com/careers,career_home,0.74,,0,[],200,deterministic_page_classifier,2026-05-07,2026-05-06 19:58:27.816520+00:00,"{""career_marker_hits"": 1, ""detail_marker_hits"": 0, ""domain"": ""akidolabs.com"", ""generic_path"": true, ""is_ats"": false, ""listing_marker_hits"": 0, ""path"": ""/careers"", ""role_like_path"": false, ""role_titles"": [], ""title"": ""Careers | Akido Labs"", ""url_kind"": ""careers_page""}"
airhart-aeronautics,Airhart Aeronautics,https://airhartaero.com/careers,job_listing,0.84,,0,[],200,deterministic_page_classifier,2026-05-07,2026-05-06 19:58:27.816344+00:00,"{""career_marker_hits"": 2, ""detail_marker_hits"": 0, ""domain"": ""airhartaero.com"", ""generic_path"": true, ""is_ats"": false, ""listing_marker_hits"": 1, ""path"": ""/careers"", ""role_like_path"": false, ""role_titles"": [], ""title"": ""Airhart Aeronautics | Careers"", ""url_kind"": ""careers_page""}"
agentmail,AgentMail,https://www.agentmail.to/careers,job_listing,0.84,,2,"[""Senior Infrastructure Engineer"", ""Founding Engineer""]",200,deterministic_page_classifier,2026-05-07,2026-05-06 19:58:27.815067+00:00,"{""career_marker_hits"": 2, ""detail_marker_hits"": 0, ""domain"": ""agentmail.to"", ""generic_path"": true, ""is_ats"": false, ""listing_marker_hits"": 1, ""path"": ""/careers"", ""role_like_path"": false, ""role_titles"": [""Senior Infrastructure Engineer"", ""Founding Engineer""], ""title"": ""Careers | AgentMail"", ""url_kind"": ""careers_page""}"
agentin-ai,Agentin AI,https://www.agentin.ai/careers,fetch_error,0.98,,0,[],404,deterministic_page_classifier,2026-05-07,2026-05-06 19:58:27.814962+00:00,"{""career_marker_hits"": 0, ""detail_marker_hits"": 0, ""domain"": ""agentin.ai"", ""generic_path"": true, ""is_ats"": false, ""listing_marker_hits"": 0, ""path"": ""/careers"", ""role_like_path"": false, ""role_titles"": [], ""title"": ""404: This page could not be found."", ""url_kind"": ""careers_page""}"
agency,Agency,https://getagency.com/careers,job_listing,0.84,,0,[],200,deterministic_page_classifier,2026-05-07,2026-05-06 19:58:27.814350+00:00,"{""career_marker_hits"": 2, ""detail_marker_hits"": 0, ""domain"": ""getagency.com"", ""generic_path"": true, ""is_ats"": false, ""listing_marker_hits"": 1, ""path"": ""/careers"", ""role_like_path"": false, ""role_titles"": [], ""title"": ""Careers - Agency Cybersecurity"", ""url_kind"": ""careers_page""}"
acciojob,AccioJob,https://acciojob.com/jobs,job_listing,0.84,,2,"[""Software Engineer"", ""Software Developer""]",200,deterministic_page_classifier,2026-05-07,2026-05-06 19:58:27.812275+00:00,"{""career_marker_hits"": 2, ""detail_marker_hits"": 0, ""domain"": ""acciojob.com"", ""generic_path"": true, ""is_ats"": false, ""listing_marker_hits"": 2, ""path"": ""/jobs"", ""role_like_path"": false, ""role_titles"": [""Software Engineer"", ""Software Developer""], ""title"": ""Free Tech Hiring Drives & Verified Jobs | AccioJob"", ""url_kind"": ""careers_page""}"
absurd,Absurd,https://absurd.com/careers,career_home,0.74,,0,[],200,deterministic_page_classifier,2026-05-07,2026-05-06 19:58:27.812232+00:00,"{""career_marker_hits"": 0, ""detail_marker_hits"": 0, ""domain"": ""absurd.com"", ""generic_path"": true, ""is_ats"": false, ""listing_marker_hits"": 0, ""path"": ""/careers"", ""role_like_path"": false, ""role_titles"": [], ""title"": ""Absurd"", ""url_kind"": ""careers_page""}"
abel-police,Abel Police,https://abelpolice.com/careers,job_listing,0.84,,1,"[""Senior Engineer""]",200,deterministic_page_classifier,2026-05-07,2026-05-06 19:58:27.811355+00:00,"{""career_marker_hits"": 2, ""detail_marker_hits"": 0, ""domain"": ""abelpolice.com"", ""generic_path"": true, ""is_ats"": false, ""listing_marker_hits"": 1, ""path"": ""/careers"", ""role_like_path"": false, ""role_titles"": [""Senior Engineer""], ""title"": ""Abel | The AI Toolkit for Police"", ""url_kind"": ""careers_page""}"
abacum,Abacum,https://www.abacum.ai/company/careers,job_listing,0.84,,4,"[""AI Engineer"", ""Solutions Engineer"", ""Product Manager"", ""Senior Solutions Architect""]",200,deterministic_page_classifier,2026-05-07,2026-05-06 19:58:27.808927+00:00,"{""career_marker_hits"": 3, ""detail_marker_hits"": 1, ""domain"": ""abacum.ai"", ""generic_path"": true, ""is_ats"": false, ""listing_marker_hits"": 1, ""path"": ""/company/careers"", ""role_like_path"": false, ""role_titles"": [""AI Engineer"", ""Solutions Engineer"", ""Product Manager"", ""Senior Solutions Architect""], ""title"": ""Abacum: Career Opportunities & Open Positions"", ""url_kind"": ""careers_page""}"
alt-tex,ALT TEX,https://thealttex.com/careers,fetch_error,0.98,,0,[],,deterministic_page_classifier,2026-05-07,2026-05-06 19:58:27.808890+00:00,"{""career_marker_hits"": 0, ""detail_marker_hits"": 0, ""domain"": ""thealttex.com"", ""generic_path"": true, ""is_ats"": false, ""listing_marker_hits"": 0, ""path"": ""/careers"", ""role_like_path"": false, ""role_titles"": [], ""title"": """", ""url_kind"": ""careers_page""}"
alokai,Alokai,https://alokai.com/careers,job_listing,0.84,,0,[],200,deterministic_page_classifier,2026-05-07,2026-05-06 19:58:27.807249+00:00,"{""career_marker_hits"": 2, ""detail_marker_hits"": 0, ""domain"": ""alokai.com"", ""generic_path"": true, ""is_ats"": false, ""listing_marker_hits"": 1, ""path"": ""/careers"", ""role_like_path"": false, ""role_titles"": [], ""title"": ""Careers | Alokai"", ""url_kind"": ""careers_page""}"
almond-2,Almond,https://www.ycombinator.com/companies/almond-2/jobs,career_home,0.74,,0,[],200,deterministic_page_classifier,2026-05-07,2026-05-06 19:58:27.806900+00:00,"{""career_marker_hits"": 2, ""detail_marker_hits"": 0, ""domain"": ""ycombinator.com"", ""generic_path"": true, ""is_ats"": false, ""listing_marker_hits"": 0, ""path"": ""/companies/almond-2/jobs"", ""role_like_path"": false, ""role_titles"": [], ""title"": ""Jobs at Almond | Y Combinator"", ""url_kind"": ""careers_page""}"
alloy,Alloy,https://alloy.app/careers,job_listing,0.84,,1,"[""Software Engineer""]",200,deterministic_page_classifier,2026-05-07,2026-05-06 19:58:27.806421+00:00,"{""career_marker_hits"": 3, ""detail_marker_hits"": 0, ""domain"": ""alloy.app"", ""generic_path"": true, ""is_ats"": false, ""listing_marker_hits"": 1, ""path"": ""/careers"", ""role_like_path"": false, ""role_titles"": [""Software Engineer""], ""title"": ""Careers at Alloy | Join Our Team in Sydney"", ""url_kind"": ""careers_page""}"
algolia,Algolia,https://www.algolia.com/careers,job_listing,0.84,,0,[],200,deterministic_page_classifier,2026-05-07,2026-05-06 19:58:27.804238+00:00,"{""career_marker_hits"": 4, ""detail_marker_hits"": 0, ""domain"": ""algolia.com"", ""generic_path"": true, ""is_ats"": false, ""listing_marker_hits"": 1, ""path"": ""/careers"", ""role_like_path"": false, ""role_titles"": [], ""title"": ""Careers & jobs at Algolia | Hiring worldwide | Algolia"", ""url_kind"": ""careers_page""}"
alex-com,Alex,https://www.alex.com/careers,job_listing,0.84,,1,"[""AI Recruiter""]",200,deterministic_page_classifier,2026-05-07,2026-05-06 19:58:27.803546+00:00,"{""career_marker_hits"": 2, ""detail_marker_hits"": 0, ""domain"": ""alex.com"", ""generic_path"": true, ""is_ats"": false, ""listing_marker_hits"": 1, ""path"": ""/careers"", ""role_like_path"": false, ""role_titles"": [""AI Recruiter""], ""title"": ""Careers at Alex | Build the Future of Agentic Recruiting"", ""url_kind"": ""careers_page""}"
aleph,Aleph,https://www.getaleph.com/careers,job_listing,0.84,,0,[],200,deterministic_page_classifier,2026-05-07,2026-05-06 19:58:27.802179+00:00,"{""career_marker_hits"": 4, ""detail_marker_hits"": 0, ""domain"": ""getaleph.com"", ""generic_path"": true, ""is_ats"": false, ""listing_marker_hits"": 2, ""path"": ""/careers"", ""role_like_path"": false, ""role_titles"": [], ""title"": ""Careers | Aleph"", ""url_kind"": ""careers_page""}"
alemhealth,AlemHealth,https://www.alemhealth.com/careers,job_listing,0.84,,0,[],200,deterministic_page_classifier,2026-05-07,2026-05-06 19:58:27.801621+00:00,"{""career_marker_hits"": 2, ""detail_marker_hits"": 0, ""domain"": ""alemhealth.com"", ""generic_path"": true, ""is_ats"": false, ""listing_marker_hits"": 1, ""path"": ""/careers"", ""role_like_path"": false, ""role_titles"": [], ""title"": ""Join AlemHealth: Open Positions for Healthcare Innovators"", ""url_kind"": ""careers_page""}"
alchemy,Alchemy,https://www.alchemynano.com/careers,job_listing,0.84,,0,[],200,deterministic_page_classifier,2026-05-07,2026-05-06 19:58:27.801326+00:00,"{""career_marker_hits"": 3, ""detail_marker_hits"": 0, ""domain"": ""alchemynano.com"", ""generic_path"": true, ""is_ats"": false, ""listing_marker_hits"": 1, ""path"": ""/careers"", ""role_like_path"": false, ""role_titles"": [], ""title"": ""Careers at Alchemy"", ""url_kind"": ""careers_page""}"
alba-orbital,Alba Orbital,https://www.albaorbital.com/careers,job_listing,0.84,,0,[],200,deterministic_page_classifier,2026-05-07,2026-05-06 19:58:27.800566+00:00,"{""career_marker_hits"": 4, ""detail_marker_hits"": 0, ""domain"": ""albaorbital.com"", ""generic_path"": true, ""is_ats"": false, ""listing_marker_hits"": 2, ""path"": ""/careers"", ""role_like_path"": false, ""role_titles"": [], ""title"": ""Careers \u2014 Alba Orbital"", ""url_kind"": ""careers_page""}"
albacore-inc,Albacore Inc.,https://www.albacore.inc/careers,career_home,0.74,,0,[],200,deterministic_page_classifier,2026-05-07,2026-05-06 19:58:27.800338+00:00,"{""career_marker_hits"": 1, ""detail_marker_hits"": 0, ""domain"": ""albacore.inc"", ""generic_path"": true, ""is_ats"": false, ""listing_marker_hits"": 0, ""path"": ""/careers"", ""role_like_path"": false, ""role_titles"": [], ""title"": ""Albacore - Undersea Dominance at Scale"", ""url_kind"": ""careers_page""}"
alaan,Alaan,https://www.alaan.com/careers,job_listing,0.84,,0,[],200,deterministic_page_classifier,2026-05-07,2026-05-06 19:58:27.798260+00:00,"{""career_marker_hits"": 3, ""detail_marker_hits"": 0, ""domain"": ""alaan.com"", ""generic_path"": true, ""is_ats"": false, ""listing_marker_hits"": 1, ""path"": ""/careers"", ""role_like_path"": false, ""role_titles"": [], ""title"": ""Join Our Team: Explore Careers at Alaan"", ""url_kind"": ""careers_page""}"
airweave,Airweave,https://airweave.ai/careers,job_listing,0.84,,3,"[""Product Founding Forward Deployed Engineer"", ""Founding Software Engineer"", ""Founding Forward Deployed Engineer""]",200,deterministic_page_classifier,2026-05-07,2026-05-06 19:58:27.795773+00:00,"{""career_marker_hits"": 2, ""detail_marker_hits"": 0, ""domain"": ""airweave.ai"", ""generic_path"": true, ""is_ats"": false, ""listing_marker_hits"": 1, ""path"": ""/careers"", ""role_like_path"": false, ""role_titles"": [""Product Founding Forward Deployed Engineer"", ""Founding Software Engineer"", ""Founding Forward Deployed Engineer""], ""title"": ""Careers | Airweave"", ""url_kind"": ""careers_page""}"
airfordable,Airfordable,https://www.airfordable.com/careers/,job_listing,0.84,,0,[],200,deterministic_page_classifier,2026-05-07,2026-05-06 19:58:27.794946+00:00,"{""career_marker_hits"": 5, ""detail_marker_hits"": 0, ""domain"": ""airfordable.com"", ""generic_path"": true, ""is_ats"": false, ""listing_marker_hits"": 2, ""path"": ""/careers/"", ""role_like_path"": false, ""role_titles"": [], ""title"": ""A home to make travel possible for all | Airfordable"", ""url_kind"": ""careers_page""}"
airbyte,Airbyte,https://airbyte.com/company/careers,job_listing,0.84,,0,[],200,deterministic_page_classifier,2026-05-07,2026-05-06 19:58:27.793584+00:00,"{""career_marker_hits"": 2, ""detail_marker_hits"": 0, ""domain"": ""airbyte.com"", ""generic_path"": true, ""is_ats"": false, ""listing_marker_hits"": 1, ""path"": ""/company/careers"", ""role_like_path"": false, ""role_titles"": [], ""title"": ""Airbyte Careers | Build the Future of AI with Us"", ""url_kind"": ""careers_page""}"
agave,Agave,https://www.useagave.com/careers,job_listing,0.84,,6,"[""Software Engineer"", ""Founding Frontend Software Engineer"", ""Solutions Engineer"", ""Product Product Analyst"", ""Product Manager"", ""Product Founding Product Designer""]",200,deterministic_page_classifier,2026-05-07,2026-05-06 19:58:27.791695+00:00,"{""career_marker_hits"": 3, ""detail_marker_hits"": 1, ""domain"": ""useagave.com"", ""generic_path"": true, ""is_ats"": false, ""listing_marker_hits"": 1, ""path"": ""/careers"", ""role_like_path"": false, ""role_titles"": [""Software Engineer"", ""Founding Frontend Software Engineer"", ""Solutions Engineer"", ""Product Product Analyst"", ""Product Manager"", ""Product Founding Product Designer""], ""title"": ""Careers"", ""url_kind"": ""careers_page""}"
afterquery,AfterQuery,https://www.afterquery.com/careers,job_listing,0.84,,2,"[""Software Engineer"", ""Senior Software Engineer""]",200,deterministic_page_classifier,2026-05-07,2026-05-06 19:58:27.789536+00:00,"{""career_marker_hits"": 2, ""detail_marker_hits"": 1, ""domain"": ""afterquery.com"", ""generic_path"": true, ""is_ats"": false, ""listing_marker_hits"": 0, ""path"": ""/careers"", ""role_like_path"": false, ""role_titles"": [""Software Engineer"", ""Senior Software Engineer""], ""title"": ""AfterQuery"", ""url_kind"": ""careers_page""}"
afriex,Afriex,https://www.afriex.com/careers,job_listing,0.84,,0,[],200,deterministic_page_classifier,2026-05-07,2026-05-06 19:58:27.787210+00:00,"{""career_marker_hits"": 2, ""detail_marker_hits"": 5, ""domain"": ""afriex.com"", ""generic_path"": true, ""is_ats"": false, ""listing_marker_hits"": 1, ""path"": ""/careers"", ""role_like_path"": false, ""role_titles"": [], ""title"": ""Careers | Afriex Money Transfer App"", ""url_kind"": ""careers_page""}"
aerones,Aerones,https://aerones.com/company-2/careers/,job_listing,0.84,,0,[],200,deterministic_page_classifier,2026-05-07,2026-05-06 19:58:27.786140+00:00,"{""career_marker_hits"": 2, ""detail_marker_hits"": 0, ""domain"": ""aerones.com"", ""generic_path"": true, ""is_ats"": false, ""listing_marker_hits"": 1, ""path"": ""/company-2/careers/"", ""role_like_path"": false, ""role_titles"": [], ""title"": ""Careers - Robotic Wind Turbine Care Systems | Aerones"", ""url_kind"": ""careers_page""}"
aella,Aella,https://aellaapp.com/career,career_home,0.74,,0,[],200,deterministic_page_classifier,2026-05-07,2026-05-06 19:58:27.785085+00:00,"{""career_marker_hits"": 2, ""detail_marker_hits"": 1, ""domain"": ""aellaapp.com"", ""generic_path"": true, ""is_ats"": false, ""listing_marker_hits"": 0, ""path"": ""/career"", ""role_like_path"": false, ""role_titles"": [], ""title"": ""Aella | Career"", ""url_kind"": ""careers_page""}"
adyn,adyn,https://adyn.com/careers/,career_home,0.74,,0,[],200,deterministic_page_classifier,2026-05-07,2026-05-06 19:58:27.783929+00:00,"{""career_marker_hits"": 1, ""detail_marker_hits"": 2, ""domain"": ""adyn.com"", ""generic_path"": true, ""is_ats"": false, ""listing_marker_hits"": 0, ""path"": ""/careers/"", ""role_like_path"": false, ""role_titles"": [], ""title"": ""Close the medical gender research gap with us | adyn"", ""url_kind"": ""careers_page""}"
advano,Advano,https://www.advano.io/careers,job_listing,0.84,,0,[],200,deterministic_page_classifier,2026-05-07,2026-05-06 19:58:27.783813+00:00,"{""career_marker_hits"": 2, ""detail_marker_hits"": 0, ""domain"": ""advano.io"", ""generic_path"": true, ""is_ats"": false, ""listing_marker_hits"": 1, ""path"": ""/careers"", ""role_like_path"": false, ""role_titles"": [], ""title"": ""Careers | Advano"", ""url_kind"": ""careers_page""}"
aden,Aden,https://adenhq.com/careers,job_listing,0.84,,1,"[""Infrastructure Lead""]",200,deterministic_page_classifier,2026-05-07,2026-05-06 19:58:27.783245+00:00,"{""career_marker_hits"": 3, ""detail_marker_hits"": 3, ""domain"": ""adenhq.com"", ""generic_path"": true, ""is_ats"": false, ""listing_marker_hits"": 1, ""path"": ""/careers"", ""role_like_path"": false, ""role_titles"": [""Infrastructure Lead""], ""title"": ""Careers - Aden"", ""url_kind"": ""careers_page""}"
adaptyv,Adaptyv,https://www.adaptyvbio.com/careers,job_listing,0.84,,1,"[""Software Engineer""]",200,deterministic_page_classifier,2026-05-07,2026-05-06 19:58:27.782441+00:00,"{""career_marker_hits"": 2, ""detail_marker_hits"": 0, ""domain"": ""adaptyvbio.com"", ""generic_path"": true, ""is_ats"": false, ""listing_marker_hits"": 1, ""path"": ""/careers"", ""role_like_path"": false, ""role_titles"": [""Software Engineer""], ""title"": ""Careers | Adaptyv Bio"", ""url_kind"": ""careers_page""}"
adam,Adam,https://adam.new/careers,career_home,0.74,,1,"[""Founding Engineer""]",200,deterministic_page_classifier,2026-05-07,2026-05-06 19:58:27.781445+00:00,"{""career_marker_hits"": 1, ""detail_marker_hits"": 0, ""domain"": ""adam.new"", ""generic_path"": true, ""is_ats"": false, ""listing_marker_hits"": 0, ""path"": ""/careers"", ""role_like_path"": false, ""role_titles"": [""Founding Engineer""], ""title"": ""Work at Adam"", ""url_kind"": ""careers_page""}"
acunote,Acunote,https://www.acunote.com/jobs,job_listing,0.84,,2,"[""Senior Software Engineer"", ""Software Engineer""]",200,deterministic_page_classifier,2026-05-07,2026-05-06 19:58:27.779901+00:00,"{""career_marker_hits"": 3, ""detail_marker_hits"": 2, ""domain"": ""acunote.com"", ""generic_path"": true, ""is_ats"": false, ""listing_marker_hits"": 0, ""path"": ""/jobs"", ""role_like_path"": false, ""role_titles"": [""Senior Software Engineer"", ""Software Engineer""], ""title"": ""Jobs - Acunote"", ""url_kind"": ""careers_page""}"
aclu,ACLU,https://www.aclu.org/careers/,job_listing,0.84,,0,[],200,deterministic_page_classifier,2026-05-07,2026-05-06 19:58:27.777653+00:00,"{""career_marker_hits"": 4, ""detail_marker_hits"": 1, ""domain"": ""aclu.org"", ""generic_path"": true, ""is_ats"": false, ""listing_marker_hits"": 1, ""path"": ""/careers/"", ""role_like_path"": false, ""role_titles"": [], ""title"": ""Careers at ACLU | American Civil Liberties Union"", ""url_kind"": ""careers_page""}"
abhi,Abhi,https://abhi.com.pk/job-openings/,career_home,0.74,,0,[],200,deterministic_page_classifier,2026-05-07,2026-05-06 19:58:27.776607+00:00,"{""career_marker_hits"": 2, ""detail_marker_hits"": 0, ""domain"": ""abhi.com.pk"", ""generic_path"": false, ""is_ats"": false, ""listing_marker_hits"": 2, ""path"": ""/job-openings/"", ""role_like_path"": false, ""role_titles"": [], ""title"": ""Jobs - Abhi - Finance Redefined"", ""url_kind"": ""careers_page""}"
abatable,Abatable,https://abatable.com/careers/,job_listing,0.84,,0,[],200,deterministic_page_classifier,2026-05-07,2026-05-06 19:58:27.775578+00:00,"{""career_marker_hits"": 4, ""detail_marker_hits"": 1, ""domain"": ""abatable.com"", ""generic_path"": true, ""is_ats"": false, ""listing_marker_hits"": 2, ""path"": ""/careers/"", ""role_like_path"": false, ""role_titles"": [], ""title"": ""Careers at Abatable \u2022 Abatable"", ""url_kind"": ""careers_page""}"
abalone-bio,Abalone Bio,https://www.abalonebio.com/careers,job_listing,0.84,,0,[],200,deterministic_page_classifier,2026-05-07,2026-05-06 19:58:27.775032+00:00,"{""career_marker_hits"": 2, ""detail_marker_hits"": 0, ""domain"": ""abalonebio.com"", ""generic_path"": true, ""is_ats"": false, ""listing_marker_hits"": 1, ""path"": ""/careers"", ""role_like_path"": false, ""role_titles"": [], ""title"": ""Careers"", ""url_kind"": ""careers_page""}"
a0-dev,a0.dev,https://a0.dev/careers,career_home,0.74,,1,"[""Founding Engineer""]",200,deterministic_page_classifier,2026-05-07,2026-05-06 19:58:27.774556+00:00,"{""career_marker_hits"": 1, ""detail_marker_hits"": 0, ""domain"": ""a0.dev"", ""generic_path"": true, ""is_ats"": false, ""listing_marker_hits"": 0, ""path"": ""/careers"", ""role_like_path"": false, ""role_titles"": [""Founding Engineer""], ""title"": ""Careers - a0.dev"", ""url_kind"": ""careers_page""}"
80-000-hours,"80,000 Hours",https://80000hours.org/about/work-with-us/,job_listing,0.84,,1,"[""Product Lead""]",200,deterministic_page_classifier,2026-05-07,2026-05-06 19:58:27.773092+00:00,"{""career_marker_hits"": 3, ""detail_marker_hits"": 0, ""domain"": ""80000hours.org"", ""generic_path"": true, ""is_ats"": false, ""listing_marker_hits"": 1, ""path"": ""/about/work-with-us/"", ""role_like_path"": false, ""role_titles"": [""Product Lead""], ""title"": ""Work with us | 80,000 Hours"", ""url_kind"": ""careers_page""}"
1910,1910,https://www.1910.ai/careers,job_listing,0.84,,0,[],200,deterministic_page_classifier,2026-05-07,2026-05-06 19:58:27.772368+00:00,"{""career_marker_hits"": 1, ""detail_marker_hits"": 0, ""domain"": ""1910.ai"", ""generic_path"": true, ""is_ats"": false, ""listing_marker_hits"": 1, ""path"": ""/careers"", ""role_like_path"": false, ""role_titles"": [], ""title"": ""Careers"", ""url_kind"": ""careers_page""}"
aiprise,AiPrise,https://jobs.ashbyhq.com/aiprise,ats_listing,0.72,,0,[],200,deterministic_page_classifier,2026-05-07,2026-05-06 19:58:27.772212+00:00,"{""career_marker_hits"": 1, ""detail_marker_hits"": 0, ""domain"": ""jobs.ashbyhq.com"", ""generic_path"": false, ""is_ats"": true, ""listing_marker_hits"": 0, ""path"": ""/aiprise"", ""role_like_path"": false, ""role_titles"": [], ""title"": ""AiPrise Jobs"", ""url_kind"": ""ats""}"
agilemd,AgileMD,https://app.dover.com/jobs/agilemd,ats_listing,0.72,,0,[],200,deterministic_page_classifier,2026-05-07,2026-05-06 19:58:27.771846+00:00,"{""career_marker_hits"": 0, ""detail_marker_hits"": 0, ""domain"": ""app.dover.com"", ""generic_path"": false, ""is_ats"": true, ""listing_marker_hits"": 0, ""path"": ""/jobs/agilemd"", ""role_like_path"": false, ""role_titles"": [], ""title"": ""Dover"", ""url_kind"": ""ats""}"
9-mothers-corporation,9 Mothers,https://jobs.ashbyhq.com/9-mothers,ats_listing,0.72,,0,[],200,deterministic_page_classifier,2026-05-07,2026-05-06 19:58:27.771382+00:00,"{""career_marker_hits"": 1, ""detail_marker_hits"": 0, ""domain"": ""jobs.ashbyhq.com"", ""generic_path"": false, ""is_ats"": true, ""listing_marker_hits"": 0, ""path"": ""/9-mothers"", ""role_like_path"": false, ""role_titles"": [], ""title"": ""9 Mothers Jobs"", ""url_kind"": ""ats""}"
